group,large
day,1,2014-10-16
value,100000.0
MSFT,0,42.53
GOOG,0,519.00
T,0,33.63
ORCL,0,37.99
EBAY,0,48.49
AAPL,0,95.55
CHL,0,58.17
VZ,0,47.41
COP,0,64.96
AMZN,0,293.83
SAP,0,65.73
QCOM,0,69.84
UTX,0,98.16
CSCO,0,22.65
DCM,0,15.50
IBM,0,179.80
BA,0,118.91
INTC,0,30.89
V,0,197.09
CMCSA,0,50.10
FB,0,70.79
GE,0,23.99
MA,0,70.08
TSM,0,20.23
day,2,2014-10-17
value,102193.55778
MSFT,123.751655178,43.20
GOOG,10.1409593348,527.25
T,156.501870197,33.76
ORCL,0,37.69
EBAY,108.541099087,48.24
AAPL,55.0827618497,97.50
CHL,90.4789048433,59.50
VZ,111.013665782,47.80
COP,81.0215193155,67.93
AMZN,17.9122550275,307.15
SAP,0,68.39
QCOM,75.3602218605,72.05
UTX,0,100.30
CSCO,232.369001975,22.98
DCM,339.558573854,15.38
IBM,0,181.24
BA,44.2616928327,122.05
INTC,170.38387487,31.20
V,26.7043375856,204.84
CMCSA,0,49.98
FB,74.3488895993,74.23
GE,219.389657972,25.00
MA,75.1021389089,71.70
TSM,260.165985899,20.55
day,3,2014-10-20
value,102603.909244
MSFT,0,43.06
GOOG,0,509.45
T,186.349686211,34.08
ORCL,0,36.31
EBAY,129.42962041,48.04
AAPL,65.4177594766,98.32
CHL,107.414405156,59.67
VZ,132.094466381,48.06
COP,95.8553522115,68.18
AMZN,21.1929396071,302.95
SAP,0,65.74
QCOM,0,72.05
UTX,0,101.42
CSCO,276.218534988,22.90
DCM,405.076276625,15.80
IBM,0,166.85
BA,52.5178359595,123.39
INTC,202.680742454,31.04
V,31.6236027126,205.53
CMCSA,0,50.68
FB,87.9237551338,75.60
GE,259.696148717,24.91
MA,89.1560059748,71.21
TSM,309.200646173,20.79
day,4,2014-10-21
value,104319.609026
MSFT,0,44.36
GOOG,0,525.19
T,186.349686211,34.27
ORCL,0,38.29
EBAY,129.42962041,49.65
AAPL,65.4177594766,103.02
CHL,107.414405156,59.09
VZ,132.094466381,48.09
COP,95.8553522115,70.07
AMZN,21.1929396071,309.90
SAP,0,65.24
QCOM,0,73.93
UTX,0,104.12
CSCO,276.218534988,23.10
DCM,405.076276625,15.86
IBM,0,166.40
BA,52.5178359595,125.21
INTC,202.680742454,31.67
V,31.6236027126,209.78
CMCSA,0,51.68
FB,87.9237551338,77.56
GE,259.696148717,25.27
MA,89.1560059748,72.87
TSM,309.200646173,20.93
day,5,2014-10-22
value,105985.522446
MSFT,0,45.00
GOOG,0,529.89
T,198.327531236,34.78
ORCL,0,38.37
EBAY,137.697107802,51.20
AAPL,69.4022357823,102.84
CHL,114.36110932,58.70
VZ,140.630144256,48.69
COP,101.713504759,71.00
AMZN,0,315.43
SAP,0,64.96
QCOM,5.55228931443,75.01
UTX,0,103.11
CSCO,293.988264382,23.67
DCM,430.957786652,16.08
IBM,0,162.41
BA,55.7961743431,127.99
INTC,215.641928088,32.66
V,33.5803228433,213.29
CMCSA,0,52.19
FB,93.2161835636,78.82
GE,275.93994567,25.34
MA,94.7890614025,74.11
TSM,328.812722093,21.60
day,6,2014-10-23
value,105563.480446
MSFT,0,44.62
GOOG,0.792767461635,539.32
T,210.40572417,34.04
ORCL,0,38.08
EBAY,145.901786518,50.61
AAPL,73.4870233188,104.08
CHL,121.517490074,57.17
VZ,149.257779299,48.58
COP,107.630118143,70.79
AMZN,1.33176790491,313.40
SAP,0,65.31
QCOM,11.1526032758,75.00
UTX,0,102.87
CSCO,311.735604908,23.61
DCM,457.082136791,15.97
IBM,0,162.12
BA,0,121.27
INTC,228.504131096,32.72
V,35.5498457944,213.87
CMCSA,0,52.18
FB,98.5457896312,79.38
GE,292.517670621,25.42
MA,100.457386193,74.10
TSM,348.260849419,21.33
day,7,2014-10-24
value,105422.496372
MSFT,0,46.83
GOOG,0.792767461635,544.36
T,210.40572417,33.62
ORCL,0,38.32
EBAY,145.901786518,50.79
AAPL,73.4870233188,105.18
CHL,121.517490074,57.73
VZ,149.257779299,48.22
COP,107.630118143,69.99
AMZN,1.33176790491,284.40
SAP,0,65.81
QCOM,11.1526032758,75.42
UTX,0,103.16
CSCO,311.735604908,23.60
DCM,457.082136791,15.98
IBM,0,162.08
BA,-3.64571188281e-16,122.20
INTC,228.504131096,32.72
V,35.5498457944,213.63
CMCSA,0,53.69
FB,98.5457896312,80.20
GE,292.517670621,25.44
MA,100.457386193,73.84
TSM,348.260849419,21.01
day,8,2014-10-27
value,105850.8287
MSFT,0,45.71
GOOG,0,537.03
T,224.249335855,33.88
ORCL,0,38.50
EBAY,155.065445207,51.10
AAPL,77.9120302101,104.85
CHL,0,57.39
VZ,158.909837052,48.78
COP,114.279957046,69.02
AMZN,2.96827361811,285.70
SAP,0,64.73
QCOM,17.323674939,75.86
UTX,0,103.79
CSCO,331.456885621,23.62
DCM,486.207432463,16.04
IBM,0,162.00
BA,3.80869251092,122.13
INTC,242.72852672,33.08
V,37.7284828062,213.06
CMCSA,0,54.21
FB,104.349059268,80.74
GE,310.812569396,25.66
MA,106.760504081,74.00
TSM,370.413263738,21.32
day,9,2014-10-28
value,106386.600349
MSFT,1.15953261416,45.86
GOOG,0,543.00
T,225.813746593,34.31
ORCL,0,38.34
EBAY,156.102670957,51.35
AAPL,78.4175355587,105.40
CHL,0,58.90
VZ,159.996393751,49.70
COP,115.047882804,69.08
AMZN,0,289.76
SAP,0,66.58
QCOM,18.0223598295,76.19
UTX,0,104.96
CSCO,333.700841413,23.82
DCM,489.511811253,16.06
IBM,0,162.00
BA,4.24267462665,122.50
INTC,244.33077085,33.23
V,37.9772495189,214.61
CMCSA,0,54.15
FB,105.005514999,80.18
GE,312.878128078,25.58
MA,107.476750511,74.54
TSM,372.899297312,21.45
day,10,2014-10-29
value,107091.203754
MSFT,1.15953261416,46.44
GOOG,0,550.00
T,225.813746593,34.40
ORCL,0,38.73
EBAY,156.102670957,50.79
AAPL,78.4175355587,106.65
CHL,0,60.32
VZ,159.996393751,50.05
COP,115.047882804,71.91
AMZN,0,299.11
SAP,0,66.68
QCOM,18.0223598295,76.50
UTX,0,106.72
CSCO,333.700841413,24.01
DCM,489.511811253,16.47
IBM,0,164.33
BA,4.24267462665,124.48
INTC,244.33077085,33.76
V,37.9772495189,216.31
CMCSA,1.08061466522e-16,54.59
FB,105.005514999,75.45
GE,312.878128078,25.88
MA,107.476750511,76.19
TSM,372.899297312,21.57
day,11,2014-10-30
value,107063.797867
MSFT,11.7528727461,46.32
GOOG,0,548.95
T,240.114755771,34.27
ORCL,0,38.40
EBAY,165.788725608,51.05
AAPL,0,106.96
CHL,0,60.47
VZ,169.825658801,49.63
COP,121.889138759,69.37
AMZN,1.64472841338,293.98
SAP,0,65.53
QCOM,24.4531404272,76.65
UTX,0,105.21
CSCO,354.190417245,24.00
DCM,519.381557199,16.29
IBM,0,163.50
BA,8.19475299848,122.52
INTC,258.902889206,33.58
V,40.2515535997,228.53
CMCSA,9.01181014335,54.42
FB,111.525789562,75.05
GE,331.887197465,25.42
MA,113.933696511,78.35
TSM,395.706655482,21.49
day,12,2014-10-31
value,109676.582438
MSFT,11.7528727461,46.94
GOOG,0,559.35
T,240.114755771,34.76
ORCL,0,38.88
EBAY,165.788725608,52.68
AAPL,8.3912459445e-16,108.01
CHL,1.4842527968e-15,62.01
VZ,169.825658801,50.42
COP,121.889138759,71.59
AMZN,1.64472841338,305.15
SAP,0,67.24
QCOM,24.4531404272,78.53
UTX,0,107.83
CSCO,354.190417245,24.59
DCM,519.381557199,16.96
IBM,0,165.48
BA,8.19475299848,125.03
INTC,258.902889206,33.74
V,40.2515535997,237.29
CMCSA,9.01181014335,55.69
FB,111.525789562,74.93
GE,331.887197465,25.86
MA,113.933696511,83.21
TSM,395.706655482,21.69
day,13,2014-11-03
value,109805.963797
MSFT,22.3828179019,46.89
GOOG,0.892052606799,555.50
T,254.469463067,34.97
ORCL,0,39.02
EBAY,175.260434522,52.32
AAPL,4.61966137962,108.22
CHL,8.0465993487,61.84
VZ,179.721922696,50.49
COP,128.858961718,72.26
AMZN,3.27989022105,306.24
SAP,0,67.22
QCOM,30.8070131588,78.31
UTX,0,107.42
CSCO,374.481983963,24.45
DCM,548.801936068,16.73
IBM,0,164.25
BA,12.1855522116,125.35
INTC,273.691556237,33.81
V,42.3543376429,240.98
CMCSA,17.9715807595,55.26
FB,118.184933104,75.47
GE,351.182233258,25.49
MA,0,83.82
TSM,418.711248641,21.98
day,14,2014-11-04
value,109052.585132
MSFT,38.5260596227,47.30
GOOG,0,553.00
T,276.115348234,34.97
ORCL,0,38.93
EBAY,189.728259528,52.56
AAPL,11.6142705488,109.36
CHL,20.2871653948,61.80
VZ,194.714131139,50.41
COP,139.334419845,69.20
AMZN,5.75166596652,303.99
SAP,0,66.80
QCOM,0,77.49
UTX,0,107.00
CSCO,405.441354282,24.60
DCM,594.047399564,15.96
IBM,0,164.34
BA,18.2242965617,125.94
INTC,296.080098216,34.25
V,45.495497093,239.65
CMCSA,31.6696734901,55.62
FB,128.214833784,74.23
GE,380.878451551,25.73
MA,0,83.86
TSM,0,21.99
day,15,2014-11-05
value,110151.003356
MSFT,41.5587867752,47.80
GOOG,0,556.80
T,280.217378383,34.94
ORCL,0,39.34
EBAY,192.457483164,53.47
AAPL,12.9259749591,109.10
CHL,22.6083303513,61.84
VZ,197.559756894,50.69
COP,141.40736774,69.95
AMZN,6.22354989136,303.01
SAP,0,67.22
QCOM,0,77.46
UTX,1.34063546085,107.55
CSCO,411.272573563,24.97
DCM,603.035369132,16.16
IBM,0,163.13
BA,0,126.01
INTC,300.268360823,34.05
V,46.0940699881,244.16
CMCSA,34.2487456639,54.87
FB,130.147313836,76.51
GE,386.453577642,25.90
MA,0,84.50
TSM,0,22.06
day,16,2014-11-06
value,110017.715827
MSFT,54.9271676408,47.86
GOOG,0,545.50
T,298.506119235,34.90
ORCL,0,39.22
EBAY,204.408270622,53.62
AAPL,18.7830657509,108.60
CHL,32.94158723,62.52
VZ,210.165963353,50.37
COP,150.542587259,69.72
AMZN,8.33241958337,296.69
SAP,0,67.32
QCOM,0,71.03
UTX,7.2821380678,107.90
CSCO,436.863627042,25.10
DCM,642.577980851,15.95
IBM,0,161.28
BA,0,124.48
INTC,0,33.69
V,48.711241537,249.51
CMCSA,45.8946105332,55.27
FB,138.499275742,74.89
GE,411.125724567,25.89
MA,7.56223201629,86.00
TSM,0,22.04
day,17,2014-11-07
value,110467.267311
MSFT,54.9271676408,48.92
GOOG,0,546.21
T,298.506119235,34.71
ORCL,0,39.69
EBAY,204.408270622,53.35
AAPL,18.7830657509,108.75
CHL,32.94158723,62.12
VZ,210.165963353,50.33
COP,150.542587259,71.44
AMZN,8.33241958337,297.82
SAP,0,66.61
QCOM,0,70.70
UTX,7.2821380678,108.49
CSCO,436.863627042,25.30
DCM,642.577980851,15.78
IBM,0,161.42
BA,0,124.93
INTC,0,33.98
V,48.711241537,250.12
CMCSA,45.8946105332,55.45
FB,138.499275742,75.39
GE,411.125724567,26.29
MA,7.56223201629,85.94
TSM,0,21.82
day,18,2014-11-10
value,110869.347074
MSFT,54.9271676408,48.65
GOOG,0,541.46
T,298.506119235,35.06
ORCL,0,39.97
EBAY,204.408270622,53.47
AAPL,18.7830657509,109.02
CHL,32.94158723,62.11
VZ,210.165963353,50.72
COP,150.542587259,72.82
AMZN,8.33241958337,300.00
SAP,0,66.99
QCOM,0.0,68.91
UTX,7.2821380678,109.05
CSCO,436.863627042,25.04
DCM,642.577980851,15.73
IBM,0,161.90
BA,0,124.87
INTC,0,33.43
V,48.711241537,251.98
CMCSA,45.8946105332,55.24
FB,138.499275742,75.36
GE,411.125724567,26.41
MA,7.56223201629,84.72
TSM,0,22.10
day,19,2014-11-11
value,110830.925419
MSFT,54.9271676408,48.85
GOOG,0,548.49
T,298.506119235,35.15
ORCL,0,40.53
EBAY,204.408270622,54.17
AAPL,18.7830657509,108.70
CHL,32.94158723,61.39
VZ,210.165963353,50.94
COP,150.542587259,71.52
AMZN,8.33241958337,305.94
SAP,0,67.13
QCOM,0.0,69.71
UTX,7.2821380678,109.00
CSCO,436.863627042,25.20
DCM,642.577980851,15.91
IBM,0,163.70
BA,0,124.58
INTC,0,33.36
V,48.711241537,249.18
CMCSA,45.8946105332,52.88
FB,138.499275742,74.95
GE,411.125724567,26.47
MA,7.56223201629,84.98
TSM,0,22.36
day,20,2014-11-12
value,110221.991471
MSFT,55.9427165781,48.56
GOOG,0,550.39
T,299.917486677,35.05
ORCL,0,40.56
EBAY,205.324083167,53.81
AAPL,19.2394554987,109.38
CHL,33.7496922241,61.41
VZ,211.139845677,50.35
COP,151.23623331,71.36
AMZN,8.49457414174,310.75
SAP,0,66.36
QCOM,0.71165637049,69.62
UTX,0,107.67
CSCO,438.832260597,24.91
DCM,645.696118223,15.80
IBM,0,162.28
BA,0,124.51
INTC,0,33.23
V,48.9103328188,248.85
CMCSA,46.8327641941,53.00
FB,139.161177884,74.28
GE,412.99990536,26.27
MA,8.14601132421,83.76
TSM,0,21.78
day,21,2014-11-13
value,110984.230095
MSFT,76.0771273656,48.81
GOOG,0,549.80
T,327.812693178,35.37
ORCL,0,40.17
EBAY,0,54.06
AAPL,28.1782650419,111.80
CHL,49.6709914887,60.93
VZ,230.558455167,50.66
COP,164.937564418,70.78
AMZN,0,312.00
SAP,0,66.18
QCOM,14.755422355,70.21
UTX,0,108.32
CSCO,478.082641482,24.93
DCM,707.57757315,16.07
IBM,0,162.00
BA,0,125.74
INTC,0,33.35
V,52.839314084,252.40
CMCSA,65.28044321,53.70
FB,152.323899853,74.74
GE,450.218290889,26.47
MA,19.8189696318,84.54
TSM,0,22.26
day,22,2014-11-14
value,111593.372752
MSFT,77.5931782386,49.74
GOOG,0,546.68
T,329.904817665,35.64
ORCL,1.84213201669,40.86
EBAY,0,54.27
AAPL,28.8401473595,113.15
CHL,50.8854743889,62.46
VZ,232.019142951,51.26
COP,165.983035499,70.57
AMZN,0,317.12
SAP,0,66.22
QCOM,0,71.01
UTX,0,107.92
CSCO,481.050890303,25.76
DCM,712.182330033,15.98
IBM,0,162.10
BA,0,128.53
INTC,0,33.75
V,53.1324933356,251.14
CMCSA,66.6584402884,54.48
FB,153.313978032,74.27
GE,453.013849752,26.43
MA,20.6942765056,84.32
TSM,0,22.44
day,23,2014-11-17
value,111704.594042
MSFT,82.2793501522,49.41
GOOG,0,543.58
T,336.44494648,35.86
ORCL,7.54673776757,40.71
EBAY,0,54.37
AAPL,0,114.27
CHL,54.6173058167,61.05
VZ,236.566356977,51.41
COP,169.285999804,71.03
AMZN,0,326.44
SAP,0,67.07
QCOM,0,70.62
UTX,0,107.21
CSCO,490.099422562,26.11
DCM,726.768699931,15.88
IBM,0,164.16
BA,1.81350806023,128.70
INTC,0,33.82
V,54.0606218336,248.58
CMCSA,70.9368946015,54.01
FB,156.452394499,74.88
GE,461.833001889,26.47
MA,23.4586288654,83.80
TSM,0,22.17
day,24,2014-11-18
value,112086.548013
MSFT,82.616757975,49.13
GOOG,0,537.50
T,336.909846662,35.77
ORCL,7.95625190476,41.19
EBAY,0,54.81
AAPL,0,113.94
CHL,54.89038232,61.53
VZ,236.890638644,51.42
COP,169.520707962,71.53
AMZN,0.0510700910583,323.99
SAP,0,68.13
QCOM,0,70.24
UTX,0,107.70
CSCO,490.737925837,26.50
DCM,727.818531199,15.91
IBM,0,164.73
BA,0,128.55
INTC,0,34.19
V,54.1276880518,249.79
CMCSA,71.2455655981,54.20
FB,156.675034997,74.45
GE,462.462821327,26.70
MA,23.6575706378,83.25
TSM,0,21.76
day,25,2014-11-19
value,112286.524998
MSFT,122.049771916,48.66
GOOG,0,535.00
T,391.070986581,35.63
ORCL,54.9905800161,41.15
EBAY,0,55.33
AAPL,17.0031944436,115.44
CHL,86.3765512605,60.58
VZ,0,51.00
COP,196.605063826,72.36
AMZN,6.03071136056,327.25
SAP,0,69.15
QCOM,0,71.59
UTX,0,108.55
CSCO,0,26.58
DCM,849.587479967,15.97
IBM,0,162.05
BA,0,130.59
INTC,0,34.69
V,61.8835788997,250.23
CMCSA,106.989919379,54.33
FB,182.697116594,74.01
GE,535.022520762,26.99
MA,46.9289697357,83.70
TSM,0,22.34
day,26,2014-11-20
value,111317.868714
MSFT,143.246791814,48.00
GOOG,1.92793829578,531.25
T,420.019821502,35.35
ORCL,80.0561204351,40.71
EBAY,0,54.51
AAPL,25.9381129142,114.91
CHL,103.402747831,60.22
VZ,0,50.41
COP,210.859444537,72.13
AMZN,9.18257381508,324.00
SAP,0,68.14
QCOM,0,70.11
UTX,0,108.00
CSCO,0,26.49
DCM,914.174016488,15.79
IBM,0,160.95
BA,7.89836119336,130.94
INTC,0,34.14
V,66.0055746166,247.53
CMCSA,125.974770994,54.37
FB,196.633706086,72.80
GE,0,26.80
MA,59.2521117697,83.50
TSM,0,22.60
day,27,2014-11-21
value,113525.833378
MSFT,143.246791814,49.02
GOOG,1.92793829578,541.61
T,420.019821502,35.48
ORCL,80.0561204351,41.32
EBAY,0,54.75
AAPL,25.9381129142,117.51
CHL,103.402747831,62.08
VZ,0,50.53
COP,210.859444537,74.47
AMZN,9.18257381508,335.42
SAP,0,69.71
QCOM,0,71.10
UTX,0,110.17
CSCO,0,26.95
DCM,914.174016488,15.83
IBM,0,161.83
BA,7.89836119336,132.72
INTC,0,35.98
V,66.0055746166,255.14
CMCSA,125.974770994,54.85
FB,196.633706086,74.50
GE,0,27.09
MA,59.2521117697,85.74
TSM,0,22.95
day,28,2014-11-24
value,112616.793896
MSFT,144.768314604,47.99
GOOG,0,537.65
T,422.121993069,34.98
ORCL,81.8611796599,41.49
EBAY,0,54.68
AAPL,26.572825255,116.85
CHL,104.604182225,62.59
VZ,1.47605476291,49.55
COP,211.860989416,73.56
AMZN,9.40493696328,334.78
SAP,0,70.47
QCOM,0,71.70
UTX,0,108.96
CSCO,0,26.88
DCM,918.885642968,15.74
IBM,0,161.54
BA,8.4603341226,133.45
INTC,0,35.89
V,66.2979045028,255.00
CMCSA,127.334571307,54.32
FB,197.634847658,73.54
GE,0,27.01
MA,60.122009684,84.82
TSM,0,22.86
day,29,2014-11-25
value,112821.54174
MSFT,167.96435899,47.66
GOOG,0,539.00
T,453.945268372,34.65
ORCL,108.691215093,41.51
EBAY,0,54.23
AAPL,36.0993821237,119.07
CHL,122.389422201,62.15
VZ,23.9418099618,49.34
COP,0,73.90
AMZN,12.7300405241,335.27
SAP,0,70.75
QCOM,0,71.73
UTX,0,110.09
CSCO,0,27.03
DCM,989.608525439,15.70
IBM,0,162.65
BA,16.8018715531,134.74
INTC,31.0163881333,36.36
V,70.6633090915,255.36
CMCSA,147.827542038,55.64
FB,212.771891037,74.21
GE,0,27.01
MA,73.2460154621,85.10
TSM,0,22.94
day,30,2014-11-26
value,113457.941059
MSFT,167.96435899,47.49
GOOG,0,540.88
T,453.945268372,34.89
ORCL,108.691215093,41.18
EBAY,0,54.56
AAPL,36.0993821237,117.94
CHL,122.389422201,61.94
VZ,23.9418099618,49.37
COP,0,71.75
AMZN,12.7300405241,333.78
SAP,0,71.05
QCOM,0,71.66
UTX,0,111.79
CSCO,0,27.30
DCM,989.608525439,15.69
IBM,0,161.93
BA,16.8018715531,134.95
INTC,31.0163881333,36.37
V,70.6633090915,257.48
CMCSA,147.827542038,56.77
FB,212.771891037,75.53
GE,0,26.89
MA,73.2460154621,86.26
TSM,0,22.99
day,31,2014-11-28
value,114562.752702
MSFT,174.846832914,47.95
GOOG,0,540.62
T,463.313244486,35.28
ORCL,116.62828859,41.98
EBAY,0,54.90
AAPL,38.87069539,119.27
CHL,127.666281849,61.68
VZ,30.5622006165,50.20
COP,0,67.70
AMZN,0,336.03
SAP,0,70.75
QCOM,0,72.51
UTX,0,110.64
CSCO,0,27.52
DCM,1010.44018169,15.68
IBM,0,162.75
BA,19.223869972,135.51
INTC,40.0031543314,37.04
V,71.9327229746,258.58
CMCSA,153.584961214,57.28
FB,217.099293217,77.67
GE,0,26.80
MA,77.0351261348,87.00
TSM,0,23.33
day,32,2014-12-01
value,114007.301945
MSFT,174.846832914,47.88
GOOG,0,538.90
T,463.313244486,35.28
ORCL,116.62828859,42.01
EBAY,0,54.76
AAPL,38.87069539,118.81
CHL,127.666281849,59.95
VZ,30.5622006165,50.68
COP,0,65.93
AMZN,1.69161738121e-16,338.12
SAP,0,71.08
QCOM,0,72.46
UTX,0,109.06
CSCO,0,27.50
DCM,1010.44018169,15.71
IBM,0,161.64
BA,19.223869972,134.31
INTC,40.0031543314,37.21
V,71.9327229746,256.27
CMCSA,153.584961214,56.97
FB,217.099293217,77.26
GE,0,26.16
MA,77.0351261348,86.56
TSM,0,23.20
day,33,2014-12-02
value,113581.112055
MSFT,182.718361742,48.84
GOOG,0,533.51
T,473.99603361,34.89
ORCL,0,41.90
EBAY,0,54.86
AAPL,42.0428930188,113.50
CHL,133.953000787,60.29
VZ,37.998838349,49.80
COP,5.71649932174,67.33
AMZN,0,327.50
SAP,0,70.92
QCOM,0,71.81
UTX,0,109.83
CSCO,0,27.60
DCM,1034.43055727,15.72
IBM,0,162.47
BA,22.0299812093,132.50
INTC,50.131850926,37.18
V,73.4033937526,259.17
CMCSA,160.200527306,56.49
FB,221.977481158,75.33
GE,0,26.07
MA,81.3892019237,87.91
TSM,0,22.67
day,34,2014-12-03
value,113275.509423
MSFT,182.718361742,48.44
GOOG,0,531.44
T,473.99603361,34.25
ORCL,0,41.94
EBAY,0,55.03
AAPL,42.0428930188,115.75
CHL,133.953000787,59.05
VZ,37.998838349,49.02
COP,5.71649932174,69.66
AMZN,0,325.73
SAP,0,69.75
QCOM,0,73.63
UTX,0,109.90
CSCO,0,27.71
DCM,1034.43055727,15.69
IBM,0,162.47
BA,22.0299812093,132.65
INTC,50.131850926,37.68
V,73.4033937526,259.64
CMCSA,160.200527306,57.06
FB,221.977481158,75.38
GE,0,26.16
MA,81.3892019237,88.21
TSM,0,22.75
day,35,2014-12-04
value,113091.806719
MSFT,196.197543776,48.39
GOOG,0,531.16
T,493.05972931,34.08
ORCL,0,42.12
EBAY,0,54.63
AAPL,47.6837705801,115.77
CHL,145.010267132,60.63
VZ,51.3185359769,48.73
COP,15.0896198747,70.16
AMZN,2.00451778381,315.53
SAP,0,69.69
QCOM,0,74.24
UTX,0,110.47
CSCO,23.5630305926,27.92
DCM,1076.0450619,15.38
IBM,0,164.01
BA,26.9521943847,131.97
INTC,67.460183668,37.40
V,75.9181510232,262.08
CMCSA,0,56.85
FB,230.639348731,74.83
GE,0,26.26
MA,88.7912150482,88.38
TSM,0,22.90
day,36,2014-12-05
value,113466.705481
MSFT,197.202973213,48.82
GOOG,0,531.00
T,494.487332904,33.88
ORCL,0,42.02
EBAY,0,54.89
AAPL,48.1040239314,115.99
CHL,145.812720216,61.17
VZ,52.3169503108,48.68
COP,15.783073844,69.37
AMZN,0,316.80
SAP,0,69.44
QCOM,0,73.01
UTX,0,111.48
CSCO,25.3056068994,27.79
DCM,1079.2084384,15.37
IBM,0,163.61
BA,27.3208594638,131.72
INTC,68.7610588147,37.57
V,76.1037917836,261.64
CMCSA,0,56.31
FB,231.289525539,75.80
GE,0,26.14
MA,89.3417098489,89.87
TSM,0,22.76
day,37,2014-12-08
value,113458.989945
MSFT,197.202973213,48.26
GOOG,0,527.13
T,494.487332904,33.98
ORCL,0,41.91
EBAY,0,55.35
AAPL,48.1040239314,114.10
CHL,145.812720216,60.64
VZ,52.3169503108,48.77
COP,15.783073844,66.98
AMZN,2.09334981074e-17,311.57
SAP,0,70.39
QCOM,9.08332036766e-17,73.22
UTX,0,112.25
CSCO,25.3056068994,27.42
DCM,1079.2084384,15.47
IBM,0,163.29
BA,27.3208594638,132.02
INTC,68.7610588147,37.46
V,76.1037917836,263.50
CMCSA,0,56.28
FB,231.289525539,76.18
GE,0,25.88
MA,89.3417098489,89.04
TSM,0,22.78
day,38,2014-12-09
value,111448.568315
MSFT,197.202973213,47.11
GOOG,-2.28879621566e-33,522.14
T,494.487332904,33.31
ORCL,0,40.98
EBAY,0,54.59
AAPL,48.1040239314,110.19
CHL,145.812720216,58.82
VZ,52.3169503108,47.50
COP,15.783073844,64.35
AMZN,2.09334981074e-17,302.99
SAP,0,69.69
QCOM,9.08332036766e-17,71.96
UTX,0,112.23
CSCO,25.3056068994,26.95
DCM,1079.2084384,15.49
IBM,0,160.84
BA,27.3208594638,128.56
INTC,68.7610588147,36.67
V,76.1037917836,259.50
CMCSA,0,55.94
FB,231.289525539,75.20
GE,-4.66187461036e-32,25.46
MA,89.3417098489,86.57
TSM,0,22.28
day,39,2014-12-10
value,112422.594752
MSFT,197.202973213,47.58
GOOG,-2.28879621566e-33,533.08
T,494.487332904,32.89
ORCL,0,41.70
EBAY,0,55.02
AAPL,48.1040239314,114.41
CHL,145.812720216,59.13
VZ,52.3169503108,46.95
COP,15.783073844,63.91
AMZN,2.09334981074e-17,312.00
SAP,0,69.79
QCOM,9.08332036766e-17,72.82
UTX,0,114.50
CSCO,25.3056068994,27.26
DCM,1079.2084384,15.58
IBM,0,163.01
BA,27.3208594638,128.81
INTC,68.7610588147,36.93
V,76.1037917836,263.78
CMCSA,0,56.02
FB,231.289525539,76.65
GE,-4.66187461036e-32,25.62
MA,89.3417098489,87.53
TSM,0,22.45
day,40,2014-12-11
value,111679.493607
MSFT,197.202973213,47.08
GOOG,-2.28879621566e-33,527.80
T,494.487332904,32.62
ORCL,0,41.12
EBAY,0,55.41
AAPL,48.1040239314,112.26
CHL,145.812720216,58.48
VZ,52.3169503108,46.42
COP,15.783073844,63.30
AMZN,2.09334981074e-17,307.89
SAP,0,69.85
QCOM,9.08332036766e-17,71.73
UTX,0,114.10
CSCO,25.3056068994,26.97
DCM,1079.2084384,15.60
IBM,0,160.82
BA,27.3208594638,125.22
INTC,68.7610588147,36.50
V,76.1037917836,262.95
CMCSA,0,55.73
FB,231.289525539,76.52
GE,-4.66187461036e-32,25.32
MA,89.3417098489,86.76
TSM,0,22.00
day,41,2014-12-12
value,110995.118712
MSFT,197.202973213,46.78
GOOG,-2.28879621566e-33,523.51
T,494.487332904,32.52
ORCL,0,40.24
EBAY,0,56.17
AAPL,48.1040239314,110.46
CHL,145.812720216,58.18
VZ,52.3169503108,46.01
COP,15.783073844,62.69
AMZN,2.09334981074e-17,303.99
SAP,0,70.00
QCOM,9.08332036766e-17,71.63
UTX,0,110.54
CSCO,25.3056068994,26.71
DCM,1079.2084384,15.35
IBM,0,160.25
BA,27.3208594638,122.24
INTC,68.7610588147,36.45
V,76.1037917836,260.53
CMCSA,0,55.00
FB,231.289525539,77.16
GE,-4.66187461036e-32,25.35
MA,89.3417098489,86.57
TSM,0,22.13
day,42,2014-12-15
value,110796.571372
MSFT,197.202973213,47.20
GOOG,7.76773889151e-19,522.74
T,494.487332904,32.32
ORCL,0,41.21
EBAY,0,55.86
AAPL,48.1040239314,110.70
CHL,145.812720216,57.56
VZ,52.3169503108,46.06
COP,15.783073844,63.28
AMZN,2.22712029619e-17,308.87
SAP,0,69.04
QCOM,0,70.85
UTX,0,112.66
CSCO,25.3056068994,26.89
DCM,1079.2084384,15.27
IBM,0,155.93
BA,27.3208594638,121.40
INTC,68.7610588147,36.39
V,76.1037917836,258.17
CMCSA,0,55.68
FB,231.289525539,78.46
GE,1.60413766749e-17,25.02
MA,89.3417098489,85.14
TSM,0,22.19
day,43,2014-12-16
value,108818.113243
MSFT,197.202973213,45.90
GOOG,0,511.56
T,494.487332904,32.24
ORCL,6.15825623051e-19,40.89
EBAY,0,55.38
AAPL,48.1040239314,106.37
CHL,145.812720216,56.34
VZ,52.3169503108,45.25
COP,15.783073844,61.44
AMZN,2.23533675422e-17,304.35
SAP,0,66.67
QCOM,0,70.21
UTX,0,112.23
CSCO,25.3056068994,26.50
DCM,1079.2084384,15.06
IBM,0,152.03
BA,27.3208594638,125.04
INTC,68.7610588147,35.86
V,76.1037917836,252.92
CMCSA,0,54.81
FB,231.289525539,76.19
GE,1.70556921796e-17,24.54
MA,89.3417098489,83.72
TSM,0,21.81
day,44,2014-12-17
value,108409.278211
MSFT,203.138774012,45.05
GOOG,0,497.00
T,502.938116299,32.22
ORCL,6.66307793297,41.06
EBAY,0,55.96
AAPL,50.6653970317,107.12
CHL,150.648596267,56.85
VZ,58.3380167567,45.40
COP,20.217534402,64.14
AMZN,0.895197163395,296.37
SAP,0,67.80
QCOM,0,70.42
UTX,0,113.51
CSCO,0,26.62
DCM,1097.2996241,14.96
IBM,0,151.52
BA,0,124.28
INTC,76.3587514159,35.62
V,77.1810227526,254.12
CMCSA,4.97086766428,54.74
FB,234.865496882,75.01
GE,11.1024146976,24.61
MA,92.5960487964,82.79
TSM,0,21.26
day,45,2014-12-18
value,111459.176191
MSFT,217.138587364,46.58
GOOG,1.26899716601,512.95
T,522.51265359,33.02
ORCL,22.0233212721,43.83
EBAY,0,57.01
AAPL,56.5531079308,111.87
CHL,0,58.10
VZ,72.2299020322,47.35
COP,30.0505807304,69.22
AMZN,0,304.01
SAP,0,69.19
QCOM,0,73.28
UTX,0,115.15
CSCO,0,27.04
DCM,1139.45815294,15.06
IBM,0,153.58
BA,0,127.13
INTC,94.064860105,36.75
V,79.6628879796,261.84
CMCSA,16.4924531869,55.40
FB,243.273597022,76.89
GE,36.7298666076,25.13
MA,100.214017047,86.12
TSM,0,22.05
day,46,2014-12-19
value,112620.423135
MSFT,218.213548715,47.63
GOOG,0,511.51
T,524.02905879,33.48
ORCL,23.1657282928,45.10
EBAY,0,57.50
AAPL,57.0006962004,112.26
CHL,0,58.20
VZ,73.2873824908,46.97
COP,30.7739511395,69.63
AMZN,0,296.91
SAP,0,70.01
QCOM,0,73.29
UTX,0,116.28
CSCO,0,27.65
DCM,1142.782967,15.02
IBM,0,157.49
BA,0,125.63
INTC,95.4273553354,37.02
V,79.8541181191,263.36
CMCSA,17.3962744814,56.16
FB,243.92480914,78.75
GE,38.7223735601,25.12
MA,100.795434833,86.98
TSM,0,22.49
day,47,2014-12-22
value,112950.847241
MSFT,220.041483395,47.78
GOOG,0,516.08
T,526.629552483,33.66
ORCL,0,45.57
EBAY,0,57.47
AAPL,57.7762576544,112.16
CHL,0,59.20
VZ,75.1410024361,47.09
COP,32.0243393174,70.08
AMZN,0,301.94
SAP,0,70.87
QCOM,0,73.58
UTX,0,115.28
CSCO,0,27.80
DCM,1148.57954016,15.00
IBM,0,158.33
BA,0,126.73
INTC,97.779179453,36.39
V,80.1847094345,262.42
CMCSA,18.9465687982,57.22
FB,245.030390458,80.08
GE,42.1883181793,25.65
MA,101.796406652,86.75
TSM,0,22.27
day,48,2014-12-23
value,114350.897504
MSFT,221.932307078,48.37
GOOG,0,527.00
T,529.313555916,34.07
ORCL,0,45.53
EBAY,0,57.73
AAPL,58.5817458459,113.23
CHL,0,59.28
VZ,77.0595319658,47.72
COP,33.3134882266,70.32
AMZN,0,306.98
SAP,0,70.68
QCOM,0,74.61
UTX,0,117.50
CSCO,3.24976818535,28.22
DCM,1154.60244386,15.06
IBM,0,162.23
BA,0,129.04
INTC,100.261827311,37.40
V,80.5289802811,265.01
CMCSA,0,57.49
FB,246.158556737,82.02
GE,45.7104840878,25.69
MA,102.837830924,87.46
TSM,0,22.22
day,49,2014-12-24
value,113908.672746
MSFT,221.932307078,48.64
GOOG,0,530.51
T,529.313555916,34.02
ORCL,0,46.36
EBAY,0,57.43
AAPL,58.5817458459,112.58
CHL,0,58.92
VZ,77.0595319658,47.67
COP,33.3134882266,70.54
AMZN,0,306.38
SAP,0,71.11
QCOM,-1.4651423005e-16,74.69
UTX,0,117.66
CSCO,3.24976818535,28.29
DCM,1154.60244386,14.82
IBM,0,162.88
BA,0,130.30
INTC,100.261827311,37.47
V,80.5289802811,265.49
CMCSA,0,57.97
FB,246.158556737,81.03
GE,45.7104840878,25.89
MA,102.837830924,87.70
TSM,0,22.24
day,50,2014-12-26
value,114357.489963
MSFT,221.932307078,48.41
GOOG,1.9826479054e-33,528.77
T,529.313555916,34.05
ORCL,0,46.19
EBAY,1.83147229722e-32,57.34
AAPL,58.5817458459,112.10
CHL,0,59.98
VZ,77.0595319658,47.90
COP,33.3134882266,70.55
AMZN,0,305.00
SAP,0,71.64
QCOM,-1.4651423005e-16,75.09
UTX,0,117.52
CSCO,3.24976818535,28.50
DCM,1154.60244386,15.08
IBM,0,162.27
BA,0,131.29
INTC,100.261827311,37.52
V,80.5289802811,267.63
CMCSA,0,58.05
FB,246.158556737,81.02
GE,45.7104840878,25.84
MA,102.837830924,87.90
TSM,0,22.53
day,51,2014-12-29
value,113720.687334
MSFT,221.932307078,47.70
GOOG,1.9826479054e-33,532.19
T,529.313555916,34.07
ORCL,0,46.02
EBAY,1.83147229722e-32,57.14
AAPL,58.5817458459,113.79
CHL,9.73448416364e-49,59.67
VZ,77.0595319658,47.62
COP,33.3134882266,70.45
AMZN,0,307.85
SAP,0,71.20
QCOM,-1.4651423005e-16,75.00
UTX,4.9682978228e-49,116.35
CSCO,3.24976818535,28.35
DCM,1154.60244386,14.82
IBM,0,162.00
BA,4.44721121285e-49,131.72
INTC,100.261827311,37.45
V,80.5289802811,266.48
CMCSA,0,58.13
FB,246.158556737,80.49
GE,45.7104840878,25.70
MA,102.837830924,87.64
TSM,0,22.66
day,52,2014-12-30
value,113208.859709
MSFT,221.932307078,47.44
GOOG,1.9826479054e-33,528.09
T,529.313555916,34.09
ORCL,0,45.55
EBAY,1.83147229722e-32,56.86
AAPL,58.5817458459,113.64
CHL,9.73448416364e-49,58.41
VZ,77.0595319658,47.52
COP,33.3134882266,69.61
AMZN,0,309.91
SAP,0,70.92
QCOM,-1.4651423005e-16,74.75
UTX,4.9682978228e-49,116.89
CSCO,3.24976818535,28.44
DCM,1154.60244386,14.75
IBM,0,160.02
BA,4.44721121285e-49,132.00
INTC,100.261827311,37.08
V,80.5289802811,265.10
CMCSA,0,58.56
FB,246.158556737,79.85
GE,45.7104840878,25.61
MA,102.837830924,87.35
TSM,0,22.33
day,53,2014-12-31
value,112657.605795
MSFT,221.932307078,46.73
GOOG,0,531.25
T,529.313555916,33.98
ORCL,0,45.45
EBAY,1.9397895814e-32,57.06
AAPL,58.5817458459,112.82
CHL,1.05442916942e-33,58.64
VZ,77.0595319658,47.08
COP,33.3134882266,69.34
AMZN,0,311.55
SAP,0,70.40
QCOM,-1.4651423005e-16,75.21
UTX,5.26898860348e-34,116.60
CSCO,3.24976818535,28.28
DCM,1154.60244386,14.64
IBM,0,160.41
BA,4.6658490747e-34,132.25
INTC,100.261827311,36.63
V,80.5289802811,265.48
CMCSA,0,58.81
FB,246.158556737,79.54
GE,45.7104840878,25.42
MA,102.837830924,87.18
TSM,0,22.48
day,54,2015-01-02
value,111871.411025
MSFT,221.932307078,46.66
GOOG,0,529.01
T,529.313555916,33.59
ORCL,0,45.02
EBAY,1.9397895814e-32,56.38
AAPL,58.5817458459,111.39
CHL,1.05442916942e-33,59.00
VZ,77.0595319658,47.00
COP,33.3134882266,68.50
AMZN,0,312.58
SAP,0,69.79
QCOM,-1.4651423005e-16,74.51
UTX,5.26898860348e-34,115.14
CSCO,3.24976818535,27.86
DCM,1154.60244386,14.65
IBM,0,161.31
BA,4.6658490747e-34,131.07
INTC,100.261827311,36.67
V,80.5289802811,263.38
CMCSA,2.48203689906e-49,58.00
FB,246.158556737,78.58
GE,45.7104840878,25.34
MA,102.837830924,86.68
TSM,0,22.45
day,55,2015-01-05
value,111280.751953
MSFT,221.932307078,46.37
GOOG,0,523.26
T,529.313555916,33.87
ORCL,0,44.16
EBAY,1.9397895814e-32,55.85
AAPL,58.5817458459,108.29
CHL,1.05442916942e-33,58.10
VZ,77.0595319658,47.08
COP,33.3134882266,67.71
AMZN,0,307.01
SAP,0,68.30
QCOM,-1.4651423005e-16,73.71
UTX,5.26898860348e-34,114.55
CSCO,3.24976818535,27.32
DCM,1154.60244386,14.54
IBM,0,161.27
BA,4.6658490747e-34,129.66
INTC,100.261827311,36.20
V,80.5289802811,263.49
CMCSA,2.48203689906e-49,56.85
FB,246.158556737,77.98
GE,45.7104840878,25.01
MA,102.837830924,85.29
TSM,0,22.14
day,56,2015-01-06
value,110371.23508
MSFT,221.932307078,46.38
GOOG,0,515.00
T,529.313555916,33.77
ORCL,0,44.06
EBAY,1.9397895814e-32,55.80
AAPL,58.5817458459,106.54
CHL,1.05442916942e-33,57.26
VZ,77.0595319658,46.79
COP,33.3134882266,65.29
AMZN,0,302.24
SAP,0,65.93
QCOM,-1.4651423005e-16,73.86
UTX,5.26898860348e-34,112.27
CSCO,3.24976818535,27.14
DCM,1154.60244386,14.57
IBM,0,159.67
BA,4.6658490747e-34,129.05
INTC,100.261827311,36.08
V,80.5289802811,259.79
CMCSA,2.48203689906e-49,55.88
FB,246.158556737,77.23
GE,45.7104840878,24.46
MA,102.837830924,83.66
TSM,0,21.32
day,57,2015-01-07
value,109950.865181
MSFT,230.903557908,45.98
GOOG,0.807935171834,507.00
T,541.634746721,33.58
ORCL,0,43.33
EBAY,0,55.18
AAPL,0,107.20
CHL,0,58.83
VZ,85.9521717071,46.92
COP,39.6863878053,64.01
AMZN,0,297.50
SAP,0,64.98
QCOM,5.63344995254,73.37
UTX,3.70612464144,112.35
CSCO,18.5808888005,27.14
DCM,1183.16020732,14.63
IBM,0,157.20
BA,3.22422792324,128.74
INTC,111.794161388,35.64
V,82.1306070315,258.44
CMCSA,0,55.47
FB,251.546186071,76.76
GE,62.7213840671,24.21
MA,107.811373997,84.10
TSM,0,21.59
day,58,2015-01-08
value,110825.291832
MSFT,231.550396756,46.75
GOOG,0.866597203881,497.99
T,542.520442083,33.24
ORCL,0,43.63
EBAY,0,55.31
AAPL,0,109.23
CHL,0,60.41
VZ,86.5860517209,46.42
COP,40.1510284903,64.85
AMZN,0,300.32
SAP,0,64.51
QCOM,6.03881522782,74.30
UTX,0,113.92
CSCO,19.6767491633,27.54
DCM,1185.19312941,14.87
IBM,0,156.24
BA,3.45524897535,130.60
INTC,112.628663359,36.37
V,82.2456884827,263.20
CMCSA,0,55.75
FB,251.933648946,76.74
GE,63.9498702401,24.32
MA,108.165020254,85.19
TSM,0,21.69
day,59,2015-01-09
value,112797.530449
MSFT,232.260486006,47.61
GOOG,0,504.76
T,543.519138606,33.62
ORCL,0,43.98
EBAY,0,56.32
AAPL,0,112.67
CHL,0,61.24
VZ,87.3011889985,47.23
COP,40.6629278338,64.94
AMZN,0,301.48
SAP,0,65.23
QCOM,6.4856075889,74.57
UTX,0,114.93
CSCO,20.8821475812,27.67
DCM,1187.42558889,15.66
IBM,0,158.42
BA,3.70943482854,131.59
INTC,113.54141212,36.77
V,82.3718156576,263.61
CMCSA,0,56.61
FB,252.366235242,78.20
GE,65.3148649945,24.52
MA,108.554698297,85.97
TSM,0,21.62
day,60,2015-01-12
value,112026.767941
MSFT,232.260486006,47.42
GOOG,0,494.94
T,543.519138606,33.59
ORCL,0,43.26
EBAY,0,55.66
AAPL,0,112.60
CHL,-8.28756573388e-17,61.40
VZ,87.3011889985,47.00
COP,40.6629278338,64.15
AMZN,0,297.56
SAP,0,65.76
QCOM,6.4856075889,74.14
UTX,0,114.46
CSCO,20.8821475812,28.00
DCM,1187.42558889,15.51
IBM,0,159.00
BA,3.70943482854,132.24
INTC,113.54141212,36.90
V,82.3718156576,261.04
CMCSA,0,56.24
FB,252.366235242,77.84
GE,65.3148649945,24.07
MA,108.554698297,84.41
TSM,0,21.06
day,61,2015-01-13
value,111958.522282
MSFT,232.260486006,46.97
GOOG,0,498.84
T,543.519138606,33.72
ORCL,0,43.67
EBAY,0,55.82
AAPL,0,111.43
CHL,-8.28756573388e-17,62.71
VZ,87.3011889985,47.48
COP,40.6629278338,63.19
AMZN,-3.53479815934e-34,297.48
SAP,0,67.10
QCOM,6.4856075889,73.96
UTX,0,115.53
CSCO,20.8821475812,28.21
DCM,1187.42558889,15.56
IBM,0,157.26
BA,3.70943482854,132.00
INTC,113.54141212,36.87
V,82.3718156576,262.02
CMCSA,0,56.84
FB,252.366235242,77.23
GE,65.3148649945,24.26
MA,108.554698297,84.09
TSM,0,21.02
day,62,2015-01-14
value,110918.83502
MSFT,232.260486006,45.96
GOOG,0,494.65
T,543.519138606,33.28
ORCL,0,42.46
EBAY,0,54.37
AAPL,0,109.04
CHL,-8.28756573388e-17,62.00
VZ,87.3011889985,46.88
COP,40.6629278338,61.82
AMZN,-3.53479815934e-34,291.93
SAP,0,66.68
QCOM,6.4856075889,72.46
UTX,0,113.17
CSCO,20.8821475812,27.84
DCM,1187.42558889,16.02
IBM,0,154.86
BA,3.70943482854,129.03
INTC,113.54141212,36.33
V,82.3718156576,256.64
CMCSA,0,55.84
FB,252.366235242,76.42
GE,65.3148649945,23.65
MA,108.554698297,82.00
TSM,0,20.65
day,63,2015-01-15
value,111560.775096
MSFT,232.260486006,46.22
GOOG,0,505.57
T,543.519138606,33.33
ORCL,0,43.06
EBAY,0,54.17
AAPL,0,110.00
CHL,-8.28756573388e-17,62.18
VZ,87.3011889985,46.97
COP,40.6629278338,63.61
AMZN,-3.53479815934e-34,294.00
SAP,0,67.09
QCOM,6.4856075889,72.26
UTX,0,113.52
CSCO,20.8821475812,28.09
DCM,1187.42558889,16.22
IBM,0,156.69
BA,3.70943482854,130.38
INTC,113.54141212,36.53
V,82.3718156576,256.71
CMCSA,0,56.01
FB,252.366235242,76.40
GE,65.3148649945,23.78
MA,108.554698297,83.80
TSM,0,22.59
day,64,2015-01-16
value,109971.17976
MSFT,232.260486006,45.31
GOOG,0,500.01
T,543.519138606,33.14
ORCL,0,42.49
EBAY,0,52.93
AAPL,0,107.03
CHL,-8.28756573388e-17,62.95
VZ,87.3011889985,47.13
COP,40.6629278338,61.75
AMZN,-3.53479815934e-34,286.28
SAP,0,66.23
QCOM,6.4856075889,70.85
UTX,0,113.19
CSCO,20.8821475812,27.36
DCM,1187.42558889,16.27
IBM,0,153.82
BA,3.70943482854,129.75
INTC,113.54141212,36.12
V,82.3718156576,251.90
CMCSA,0,55.81
FB,252.366235242,74.04
GE,65.3148649945,23.51
MA,108.554698297,82.05
TSM,0,22.37
day,65,2015-01-20
value,112550.860173
MSFT,232.260486006,46.30
GOOG,0,511.00
T,543.519138606,33.87
ORCL,0,43.56
EBAY,0,53.90
AAPL,0,107.84
CHL,-8.28756573388e-17,63.60
VZ,87.3011889985,48.14
COP,40.6629278338,62.81
AMZN,-3.53479815934e-34,292.59
SAP,0,63.65
QCOM,6.4856075889,71.75
UTX,0,116.58
CSCO,20.8821475812,27.76
DCM,1187.42558889,16.90
IBM,0,156.70
BA,3.70943482854,131.45
INTC,113.54141212,36.10
V,82.3718156576,256.22
CMCSA,0,56.75
FB,252.366235242,75.72
GE,65.3148649945,23.84
MA,108.554698297,84.39
TSM,0,22.60
day,66,2015-01-21
value,112200.913581
MSFT,232.260486006,45.94
GOOG,0,507.25
T,543.519138606,33.81
ORCL,0,43.69
EBAY,0,53.41
AAPL,1.35726418305e-111,108.95
CHL,-8.28756573388e-17,65.25
VZ,87.3011889985,47.89
COP,40.6629278338,63.89
AMZN,-3.53479815934e-34,289.64
SAP,0,63.61
QCOM,6.4856075889,70.28
UTX,0,117.36
CSCO,20.8821475812,28.06
DCM,1187.42558889,16.68
IBM,0,153.03
BA,3.70943482854,130.87
INTC,113.54141212,35.85
V,82.3718156576,256.16
CMCSA,0,55.42
FB,252.366235242,76.16
GE,65.3148649945,23.83
MA,108.554698297,83.78
TSM,0,23.00
day,67,2015-01-22
value,112825.968138
MSFT,232.260486006,46.38
GOOG,0,521.48
T,543.519138606,33.84
ORCL,0,43.95
EBAY,0,55.18
AAPL,1.35726418305e-111,110.26
CHL,-8.28756573388e-17,66.95
VZ,87.3011889985,48.12
COP,40.6629278338,65.10
AMZN,-3.53479815934e-34,300.00
SAP,0,63.90
QCOM,6.4856075889,71.86
UTX,0,119.76
CSCO,20.8821475812,27.55
DCM,1187.42558889,16.82
IBM,0,151.94
BA,3.70943482854,133.38
INTC,113.54141212,36.56
V,82.3718156576,255.45
CMCSA,0,55.95
FB,252.366235242,77.17
GE,65.3148649945,24.30
MA,108.554698297,83.36
TSM,0,23.20
day,68,2015-01-23
value,113552.195723
MSFT,232.978245757,47.36
GOOG,0,535.59
T,544.502876704,33.80
ORCL,0,43.98
EBAY,0,56.99
AAPL,0,112.30
CHL,0,67.25
VZ,87.9929948431,47.85
COP,41.1742903106,65.35
AMZN,0.110965657461,308.08
SAP,0,64.28
QCOM,0,72.01
UTX,0.277970083821,120.37
CSCO,22.090485049,28.36
DCM,1189.40476233,16.80
IBM,0,155.03
BA,3.95902020295,135.57
INTC,114.451961825,36.96
V,82.5021335172,258.52
CMCSA,0,56.59
FB,252.797616573,77.65
GE,66.6848113829,24.43
MA,108.954046872,84.28
TSM,0,23.93
day,69,2015-01-26
value,112921.478915
MSFT,232.978245757,47.00
GOOG,0,538.53
T,544.502876704,33.32
ORCL,0,44.17
EBAY,0,56.37
AAPL,0,113.74
CHL,0,67.03
VZ,87.9929948431,46.98
COP,41.1742903106,64.89
AMZN,0.110965657461,311.82
SAP,0,65.41
QCOM,0,72.17
UTX,0.277970083821,119.83
CSCO,22.090485049,28.22
DCM,1189.40476233,16.74
IBM,0,158.26
BA,3.95902020295,135.00
INTC,114.451961825,36.19
V,82.5021335172,256.94
CMCSA,0,56.31
FB,252.797616573,77.98
GE,66.6848113829,24.72
MA,108.954046872,84.30
TSM,0,23.95
day,70,2015-01-27
value,110714.709892
MSFT,232.978245757,42.95
GOOG,0,529.97
T,544.502876704,33.09
ORCL,0,43.01
EBAY,0,55.52
AAPL,0,112.42
CHL,0,65.83
VZ,87.9929948431,46.66
COP,41.1742903106,65.29
AMZN,0.110965657461,306.30
SAP,0,65.62
QCOM,0,71.90
UTX,0.277970083821,116.50
CSCO,22.090485049,27.52
DCM,1189.40476233,16.65
IBM,0,154.94
BA,3.95902020295,132.40
INTC,114.451961825,34.40
V,82.5021335172,253.79
CMCSA,0,56.24
FB,252.797616573,76.71
GE,66.6848113829,24.39
MA,108.954046872,82.61
TSM,0,24.13
day,71,2015-01-28
value,111328.55336
MSFT,232.978245757,42.74
GOOG,-6.610272583e-50,522.78
T,544.502876704,33.47
ORCL,0,43.94
EBAY,0,55.05
AAPL,0,117.63
CHL,0,66.40
VZ,87.9929948431,46.83
COP,41.1742903106,65.26
AMZN,0.110965657461,309.81
SAP,0,65.19
QCOM,0,72.50
UTX,0.277970083821,119.38
CSCO,22.090485049,27.39
DCM,1189.40476233,16.98
IBM,0,154.00
BA,3.95902020295,136.30
INTC,114.451961825,34.47
V,82.5021335172,252.53
CMCSA,0,56.49
FB,252.797616573,76.90
GE,66.6848113829,24.47
MA,108.954046872,83.33
TSM,0,24.44
day,72,2015-01-29
value,109422.799822
MSFT,233.0300069,40.93
GOOG,0.00423174421447,511.00
T,544.568973843,32.68
ORCL,0,42.82
EBAY,0,53.75
AAPL,0,116.32
CHL,0.0333173379584,67.09
VZ,88.0402353137,46.00
COP,41.2081896554,63.18
AMZN,0.118106392881,304.73
SAP,0,65.01
QCOM,0,65.51
UTX,0,116.88
CSCO,22.1712543531,26.74
DCM,1189.53504921,16.96
IBM,0,151.38
BA,3.9752510998,139.69
INTC,114.516141438,33.84
V,82.5108939466,247.53
CMCSA,0,54.86
FB,252.826384729,76.85
GE,66.7752188713,23.84
MA,108.980595189,80.30
TSM,0,23.69
day,73,2015-01-30
value,111277.954057
MSFT,233.096589187,41.55
GOOG,0,515.86
T,544.652364695,32.77
ORCL,0,42.09
EBAY,0,53.85
AAPL,0.0234285851815,118.40
CHL,0.0739375947524,65.86
VZ,88.0994790752,45.83
COP,41.2513237648,62.23
AMZN,0,346.32
SAP,0,65.63
QCOM,0,63.04
UTX,0,115.02
CSCO,22.2731695748,26.88
DCM,1189.69573394,16.91
IBM,0,153.91
BA,3.99476010566,146.22
INTC,114.596673738,33.70
V,82.5219035739,260.40
CMCSA,0,53.27
FB,252.861846187,78.00
GE,66.8895314983,23.88
MA,109.014533085,84.03
TSM,0,22.99
day,74,2015-02-02
value,110334.797462
MSFT,0,40.59
GOOG,0,531.73
T,567.036246083,33.31
ORCL,0,42.21
EBAY,0,53.11
AAPL,6.21869710797,118.05
CHL,11.211498984,66.86
VZ,104.104711305,46.20
COP,53.0385613206,64.47
AMZN,0,350.05
SAP,0,66.17
QCOM,0,62.49
UTX,6.37732388366,115.17
CSCO,49.5618523538,26.39
DCM,1233.07360461,16.75
IBM,0,154.00
BA,0,143.72
INTC,136.362839705,33.06
V,85.3387998607,256.31
CMCSA,13.7698478149,53.15
FB,262.265946098,76.11
GE,97.606440757,24.00
MA,117.743793981,81.71
TSM,0,23.03
day,75,2015-02-03
value,111089.018471
MSFT,0.0,41.63
GOOG,0.0,528.00
T,567.036246083,33.66
ORCL,0,42.94
EBAY,0,53.91
AAPL,6.21869710797,118.50
CHL,11.211498984,66.68
VZ,104.104711305,47.25
COP,53.0385613206,66.93
AMZN,0.0,360.29
SAP,0,67.74
QCOM,0,65.78
UTX,6.37732388366,117.58
CSCO,49.5618523538,26.90
DCM,1233.07360461,16.88
IBM,0,154.75
BA,0.0,146.37
INTC,136.362839705,33.78
V,85.3387998607,256.71
CMCSA,13.7698478149,53.88
FB,262.265946098,75.19
GE,97.606440757,24.29
MA,117.743793981,83.28
TSM,0,23.34
day,76,2015-02-04
value,111710.394481
MSFT,0.0,41.94
GOOG,0.0,529.24
T,567.036246083,34.33
ORCL,0,42.97
EBAY,0,54.09
AAPL,6.21869710797,118.50
CHL,11.211498984,68.57
VZ,104.104711305,47.67
COP,53.0385613206,66.62
AMZN,0.0,358.38
SAP,0,68.20
QCOM,0,66.59
UTX,6.37732388366,118.75
CSCO,49.5618523538,27.06
DCM,1233.07360461,16.77
IBM,0,157.21
BA,0.0,145.97
INTC,136.362839705,33.67
V,85.3387998607,259.59
CMCSA,13.7698478149,55.45
FB,262.265946098,75.09
GE,97.606440757,24.41
MA,117.743793981,83.92
TSM,0,23.59
day,77,2015-02-05
value,113041.802616
MSFT,6.84212090615,42.22
GOOG,0.542208734797,523.79
T,575.395073663,34.49
ORCL,0,42.50
EBAY,0,53.85
AAPL,8.640288254,120.02
CHL,15.3963983687,69.73
VZ,110.124399805,48.05
COP,57.345954758,67.02
AMZN,0,366.00
SAP,0,68.05
QCOM,0,67.17
UTX,8.79381694306,118.26
CSCO,60.1663812083,26.75
DCM,1250.18502684,16.97
IBM,0,157.29
BA,1.96587347266,147.26
INTC,0,33.68
V,86.4442297725,267.25
CMCSA,18.9449343938,56.79
FB,266.087474275,75.71
GE,109.362219159,24.25
MA,121.163223804,84.58
TSM,0,23.72
day,78,2015-02-06
value,113412.205447
MSFT,9.3834926057,42.68
GOOG,0.747055549656,527.64
T,578.506025044,34.49
ORCL,0,43.26
EBAY,0,54.20
AAPL,9.53427853191,120.02
CHL,16.9351437172,68.25
VZ,112.357421931,48.25
COP,58.9469203378,68.24
AMZN,0,374.87
SAP,0,67.17
QCOM,0,67.81
UTX,9.70111199764,120.00
CSCO,0,27.37
DCM,1256.50775596,16.75
IBM,0,157.34
BA,2.69449436873,148.62
INTC,0,33.92
V,86.8457141997,271.75
CMCSA,20.8342936676,57.11
FB,267.504680895,75.68
GE,113.786825888,24.54
MA,122.431806367,85.62
TSM,0,23.45
day,79,2015-02-09
value,112493.115143
MSFT,11.2018828583,42.24
GOOG,0.894142381551,528.00
T,580.756210489,34.71
ORCL,0,42.63
EBAY,0,54.01
AAPL,10.1809115596,118.55
CHL,18.0722703983,67.03
VZ,113.965896459,49.05
COP,60.0842136552,67.97
AMZN,0,371.00
SAP,0,66.30
QCOM,0,68.16
UTX,0,119.44
CSCO,2.83554607165,27.21
DCM,1261.14112289,16.72
IBM,0,156.00
BA,3.21669121963,146.16
INTC,0,33.00
V,87.1313035133,267.41
CMCSA,22.1932307361,56.82
FB,268.530168421,74.05
GE,116.949372586,24.47
MA,123.338240565,83.97
TSM,0,22.92
day,80,2015-02-10
value,113748.428832
MSFT,14.1326298616,42.74
GOOG,0,529.30
T,584.322754811,34.86
ORCL,0,43.79
EBAY,0,54.44
AAPL,11.2251524151,120.17
CHL,19.9191263347,67.00
VZ,116.489744643,49.25
COP,61.9055282561,67.86
AMZN,0.333678580647,371.19
SAP,0,67.23
QCOM,0,69.09
UTX,0,119.89
CSCO,7.38515112201,27.16
DCM,1268.54511532,17.33
IBM,0,156.74
BA,4.06367229119,148.20
INTC,0,33.20
V,87.5942433937,266.75
CMCSA,0,57.14
FB,270.201940918,74.85
GE,122.008414409,24.77
MA,124.812514155,85.17
TSM,0,23.90
day,81,2015-02-11
value,113299.230949
MSFT,14.1326298616,42.65
GOOG,0,535.30
T,584.322754811,34.79
ORCL,0,43.96
EBAY,0,55.42
AAPL,11.2251524151,122.77
CHL,19.9191263347,65.90
VZ,116.489744643,49.39
COP,61.9055282561,67.23
AMZN,0.333678580647,371.23
SAP,0,66.53
QCOM,0,70.57
UTX,0,118.51
CSCO,7.38515112201,27.65
DCM,1268.54511532,17.19
IBM,0,157.76
BA,4.06367229119,147.51
INTC,0,33.67
V,87.5942433937,264.98
CMCSA,0,57.37
FB,270.201940918,75.09
GE,122.008414409,24.71
MA,124.812514155,84.23
TSM,0,23.88
day,82,2015-02-12
value,114330.367583
MSFT,14.1326298616,42.66
GOOG,1.02175146825e-32,537.25
T,584.322754811,34.41
ORCL,0,43.48
EBAY,0,55.64
AAPL,11.2251524151,126.06
CHL,19.9191263347,68.32
VZ,116.489744643,49.86
COP,61.9055282561,68.24
AMZN,0.333678580647,375.10
SAP,0,68.67
QCOM,0,69.58
UTX,0,119.17
CSCO,7.38515112201,28.99
DCM,1268.54511532,17.32
IBM,0,158.72
BA,4.06367229119,148.26
INTC,0,33.98
V,87.5942433937,267.62
CMCSA,0,57.87
FB,270.201940918,76.86
GE,122.008414409,24.81
MA,124.812514155,85.43
TSM,0,24.41
day,83,2015-02-13
value,115369.645728
MSFT,14.1326298616,43.38
GOOG,0,543.35
T,584.322754811,34.55
ORCL,0,43.80
EBAY,0,55.02
AAPL,11.2251524151,127.28
CHL,19.9191263347,69.08
VZ,116.489744643,49.43
COP,61.9055282561,68.83
AMZN,0.333678580647,378.41
SAP,0,69.32
QCOM,0,70.49
UTX,0,119.34
CSCO,7.38515112201,29.38
DCM,1268.54511532,17.53
IBM,0,158.78
BA,4.06367229119,147.98
INTC,0,34.25
V,87.5942433937,272.75
CMCSA,0,58.50
FB,270.201940918,76.46
GE,122.008414409,24.99
MA,124.812514155,87.83
TSM,0,24.45
day,84,2015-02-17
value,115066.011593
MSFT,14.1326298616,43.97
GOOG,0.0,546.83
T,584.322754811,34.60
ORCL,0,43.67
EBAY,0,56.17
AAPL,11.2251524151,127.49
CHL,19.9191263347,68.99
VZ,116.489744643,48.95
COP,61.9055282561,69.15
AMZN,0.333678580647,377.72
SAP,0,69.06
QCOM,0,70.76
UTX,0,121.00
CSCO,7.38515112201,29.26
DCM,1268.54511532,17.60
IBM,0,159.75
BA,4.06367229119,148.72
INTC,0,34.40
V,87.5942433937,271.48
CMCSA,0,59.18
FB,270.201940918,75.30
GE,122.008414409,25.12
MA,124.812514155,87.93
TSM,0,24.69
day,85,2015-02-18
value,115249.326143
MSFT,14.1326298616,43.63
GOOG,0.0,541.40
T,584.322754811,34.73
ORCL,0,43.71
EBAY,0,56.39
AAPL,11.2251524151,127.63
CHL,19.9191263347,68.68
VZ,116.489744643,49.22
COP,61.9055282561,68.03
AMZN,0.333678580647,373.78
SAP,0,68.24
QCOM,0,70.34
UTX,0,121.32
CSCO,7.38515112201,29.19
DCM,1268.54511532,17.65
IBM,0,161.86
BA,4.06367229119,149.70
INTC,0,34.65
V,87.5942433937,270.87
CMCSA,0,58.73
FB,270.201940918,75.94
GE,122.008414409,25.29
MA,124.812514155,87.52
TSM,0.0,24.69
day,86,2015-02-19
value,115119.973263
MSFT,14.1326298616,43.18
GOOG,0,538.04
T,584.322754811,34.48
ORCL,0,44.13
EBAY,0,56.97
AAPL,11.2251524151,128.48
CHL,19.9191263347,68.09
VZ,116.489744643,48.74
COP,61.9055282561,66.06
AMZN,0.333678580647,373.49
SAP,0,68.51
QCOM,0,70.23
UTX,0,121.58
CSCO,7.38515112201,29.31
DCM,1268.54511532,17.65
IBM,0,162.05
BA,4.06367229119,151.05
INTC,0,34.25
V,87.5942433937,270.07
CMCSA,0,58.18
FB,270.201940918,76.99
GE,122.008414409,25.03
MA,124.812514155,87.64
TSM,0.0,24.68
day,87,2015-02-20
value,115728.024529
MSFT,14.1326298616,43.51
GOOG,0,543.13
T,584.322754811,34.06
ORCL,0,44.06
EBAY,0,57.67
AAPL,11.2251524151,128.62
CHL,19.9191263347,67.94
VZ,116.489744643,48.84
COP,61.9055282561,67.19
AMZN,0.333678580647,378.62
SAP,0,68.48
QCOM,0,70.83
UTX,0,122.99
CSCO,7.38515112201,29.35
DCM,1268.54511532,17.65
IBM,0,163.64
BA,4.06367229119,153.80
INTC,0,34.15
V,87.5942433937,269.04
CMCSA,0.0,57.94
FB,270.201940918,79.55
GE,122.008414409,24.88
MA,124.812514155,89.02
TSM,0.0,24.70
day,88,2015-02-23
value,116612.435169
MSFT,14.1326298616,43.70
GOOG,0,536.05
T,584.322754811,33.97
ORCL,0,43.46
EBAY,0,57.84
AAPL,11.2251524151,130.02
CHL,19.9191263347,67.65
VZ,116.489744643,48.94
COP,61.9055282561,66.68
AMZN,0.333678580647,383.44
SAP,0,69.71
QCOM,0,71.26
UTX,0,123.63
CSCO,7.38515112201,29.63
DCM,1268.54511532,17.81
IBM,0,164.23
BA,4.06367229119,155.00
INTC,0,34.40
V,87.5942433937,272.96
CMCSA,0.0,58.26
FB,270.201940918,79.96
GE,122.008414409,25.22
MA,124.812514155,90.92
TSM,0.0,24.41
day,89,2015-02-24
value,116302.943583
MSFT,14.1326298616,44.15
GOOG,0,530.00
T,584.322754811,33.75
ORCL,0,43.79
EBAY,0,58.07
AAPL,11.2251524151,132.94
CHL,19.9191263347,68.13
VZ,116.489744643,48.67
COP,61.9055282561,67.47
AMZN,0.333678580647,378.65
SAP,0,69.60
QCOM,0,70.74
UTX,0,123.42
CSCO,7.38515112201,29.56
DCM,1268.54511532,17.92
IBM,0,162.49
BA,4.06367229119,153.50
INTC,0,33.61
V,87.5942433937,273.81
CMCSA,0.0,58.40
FB,270.201940918,78.50
GE,122.008414409,25.12
MA,124.812514155,90.55
TSM,0.0,24.38
day,90,2015-02-25
value,116586.519312
MSFT,14.1326298616,43.95
GOOG,0,535.90
T,584.322754811,34.13
ORCL,0,43.83
EBAY,0.0,58.54
AAPL,11.2251524151,131.56
CHL,19.9191263347,68.67
VZ,116.489744643,49.32
COP,61.9055282561,67.47
AMZN,0.333678580647,377.27
SAP,0,70.07
QCOM,0,71.01
UTX,0,123.85
CSCO,7.38515112201,29.44
DCM,1268.54511532,17.91
IBM,0,164.94
BA,4.06367229119,154.31
INTC,0,34.03
V,87.5942433937,271.26
CMCSA,0.0,58.95
FB,270.201940918,78.50
GE,122.008414409,25.45
MA,124.812514155,92.05
TSM,0.0,25.05
day,91,2015-02-26
value,117311.187595
MSFT,14.1326298616,43.99
GOOG,0,543.21
T,584.322754811,34.12
ORCL,0,43.80
EBAY,0.0,58.23
AAPL,11.2251524151,128.79
CHL,19.9191263347,68.58
VZ,116.489744643,49.06
COP,61.9055282561,66.89
AMZN,0.333678580647,384.07
SAP,0,69.82
QCOM,0,71.87
UTX,0,123.32
CSCO,7.38515112201,29.52
DCM,1268.54511532,18.01
IBM,0,163.74
BA,4.06367229119,152.31
INTC,0,33.62
V,87.5942433937,273.20
CMCSA,0.0,59.36
FB,270.201940918,79.88
GE,122.008414409,25.94
MA,124.812514155,92.89
TSM,0.0,24.80
day,92,2015-02-27
value,117164.28332
MSFT,14.1326298616,44.13
GOOG,0,554.24
T,584.322754811,34.42
ORCL,0,43.77
EBAY,0.0,58.68
AAPL,11.2251524151,130.00
CHL,19.9191263347,68.01
VZ,116.489744643,49.22
COP,61.9055282561,66.00
AMZN,0.333678580647,384.00
SAP,0,70.30
QCOM,0,71.81
UTX,0,122.55
CSCO,7.38515112201,29.89
DCM,1268.54511532,17.79
IBM,0,160.87
BA,4.06367229119,151.00
INTC,0,33.63
V,87.5942433937,273.47
CMCSA,0.0,59.32
FB,270.201940918,80.68
GE,122.008414409,25.83
MA,124.812514155,91.01
TSM,0.0,24.75
day,93,2015-03-02
value,117135.486362
MSFT,14.1326298616,43.67
GOOG,0,560.53
T,584.322754811,34.56
ORCL,0,43.81
EBAY,0.0,57.55
AAPL,11.2251524151,129.25
CHL,19.9191263347,67.32
VZ,116.489744643,49.12
COP,61.9055282561,65.20
AMZN,0.333678580647,380.85
SAP,0,70.19
QCOM,0,71.80
UTX,0,121.91
CSCO,7.38515112201,29.36
DCM,1268.54511532,18.05
IBM,0,161.94
BA,4.06367229119,150.85
INTC,0,33.29
V,87.5942433937,276.71
CMCSA,0.0,59.51
FB,270.201940918,79.00
GE,122.008414409,25.88
MA,124.812514155,89.56
TSM,0.0,24.40
day,94,2015-03-03
value,118369.882711
MSFT,14.1326298616,43.56
GOOG,0,570.45
T,584.322754811,34.53
ORCL,0,43.83
EBAY,0.0,58.36
AAPL,11.2251524151,128.96
CHL,19.9191263347,66.03
VZ,116.489744643,49.49
COP,61.9055282561,64.36
AMZN,0.333678580647,383.95
SAP,0,70.93
QCOM,0,72.01
UTX,0,121.98
CSCO,7.38515112201,30.10
DCM,1268.54511532,18.54
IBM,0,160.27
BA,4.06367229119,154.71
INTC,0,33.95
V,87.5942433937,278.65
CMCSA,0.0,59.73
FB,270.201940918,79.61
GE,122.008414409,26.05
MA,124.812514155,91.90
TSM,0.0,24.71
day,95,2015-03-04
value,117356.745554
MSFT,14.1326298616,43.01
GOOG,0,571.87
T,584.322754811,34.45
ORCL,0,43.20
EBAY,0.0,57.86
AAPL,11.2251524151,129.10
CHL,19.9191263347,64.72
VZ,116.489744643,49.56
COP,61.9055282561,64.79
AMZN,0.333678580647,385.71
SAP,0,69.66
QCOM,0,71.10
UTX,0,121.25
CSCO,7.38515112201,29.35
DCM,1268.54511532,18.24
IBM,0,160.54
BA,4.06367229119,154.62
INTC,0,33.86
V,87.5942433937,275.15
CMCSA,0.0,59.80
FB,270.201940918,79.30
GE,122.008414409,25.76
MA,124.812514155,90.64
TSM,0.0,24.57
day,96,2015-03-05
value,118269.169954
MSFT,14.1326298616,43.07
GOOG,0,575.02
T,584.322754811,34.15
ORCL,0,43.66
EBAY,0.0,58.28
AAPL,11.2251524151,128.58
CHL,19.9191263347,66.11
VZ,116.489744643,49.18
COP,61.9055282561,64.01
AMZN,0.333678580647,385.61
SAP,0,70.18
QCOM,0,71.20
UTX,0,121.29
CSCO,7.38515112201,29.47
DCM,1268.54511532,18.63
IBM,0,159.86
BA,4.06367229119,154.86
INTC,0,34.26
V,87.5942433937,275.00
CMCSA,0.0,60.31
FB,270.201940918,81.23
GE,122.008414409,25.62
MA,124.812514155,92.00
TSM,0.0,24.46
day,97,2015-03-06
value,117419.200326
MSFT,14.1326298616,43.00
GOOG,0.0,574.88
T,584.322754811,33.58
ORCL,0,43.61
EBAY,0.0,59.10
AAPL,11.2251524151,128.40
CHL,19.9191263347,65.13
VZ,116.489744643,48.49
COP,61.9055282561,63.00
AMZN,0.333678580647,385.52
SAP,0,69.00
QCOM,0,70.56
UTX,0,119.40
CSCO,7.38515112201,29.11
DCM,1268.54511532,18.48
IBM,0,160.19
BA,4.06367229119,153.92
INTC,0,33.54
V,87.5942433937,273.40
CMCSA,0.0,60.14
FB,270.201940918,80.90
GE,122.008414409,25.71
MA,124.812514155,92.51
TSM,0.0,24.25
day,98,2015-03-09
value,116062.801023
MSFT,14.1326298616,42.19
GOOG,0,566.86
T,584.322754811,33.45
ORCL,0,42.25
EBAY,0.0,59.87
AAPL,11.2251524151,127.96
CHL,19.9191263347,65.37
VZ,116.489744643,48.26
COP,61.9055282561,62.77
AMZN,0.333678580647,378.40
SAP,0,68.36
QCOM,0,71.64
UTX,0,119.29
CSCO,7.38515112201,28.90
DCM,1268.54511532,18.19
IBM,0,158.20
BA,4.06367229119,153.30
INTC,0,33.20
V,87.5942433937,270.52
CMCSA,0.0,60.36
FB,270.201940918,79.68
GE,122.008414409,25.52
MA,124.812514155,90.52
TSM,0.0,23.67
day,99,2015-03-10
value,115065.530254
MSFT,14.1326298616,42.35
GOOG,0,564.25
T,584.322754811,33.26
ORCL,0,42.24
EBAY,0.0,60.05
AAPL,11.2251524151,126.41
CHL,19.9191263347,64.11
VZ,116.489744643,48.11
COP,61.9055282561,60.99
AMZN,0.333678580647,377.45
SAP,0,67.45
QCOM,0,73.87
UTX,0,120.55
CSCO,7.38515112201,29.15
DCM,1268.54511532,17.97
IBM,0,159.60
BA,4.06367229119,153.30
INTC,0,32.24
V,87.5942433937,269.64
CMCSA,0.0,60.16
FB,270.201940918,78.50
GE,122.008414409,25.50
MA,124.812514155,90.18
TSM,0.0,23.02
day,100,2015-03-11
value,113979.662054
MSFT,14.1326298616,42.31
GOOG,0.0,555.14
T,584.322754811,32.88
ORCL,0,41.93
EBAY,0.0,59.33
AAPL,11.2251524151,124.75
CHL,19.9191263347,63.14
VZ,116.489744643,47.57
COP,61.9055282561,60.95
AMZN,0.333678580647,370.61
SAP,0,67.22
QCOM,0,71.52
UTX,0,117.78
CSCO,7.38515112201,28.68
DCM,1268.54511532,18.08
IBM,0,158.57
BA,4.06367229119,152.51
INTC,0,31.97
V,87.5942433937,265.63
CMCSA,0.0,58.61
FB,270.201940918,77.80
GE,122.008414409,25.28
MA,124.812514155,87.59
TSM,0.0,23.41
day,101,2015-03-12
value,114567.223461
MSFT,14.1326298616,41.33
GOOG,0,553.51
T,584.322754811,32.84
ORCL,0,41.46
EBAY,0.0,60.06
AAPL,11.2251524151,122.31
CHL,19.9191263347,64.26
VZ,116.489744643,47.94
COP,61.9055282561,61.58
AMZN,0.333678580647,368.82
SAP,0,67.99
QCOM,0,70.00
UTX,0,120.35
CSCO,7.38515112201,28.05
DCM,1268.54511532,18.39
IBM,0,156.27
BA,4.06367229119,151.28
INTC,0.0,31.01
V,87.5942433937,266.40
CMCSA,0.0,58.43
FB,270.201940918,78.10
GE,122.008414409,25.27
MA,124.812514155,87.73
TSM,0.0,23.50
day,102,2015-03-13
value,115142.943692
MSFT,14.1326298616,40.70
GOOG,0,553.50
T,584.322754811,32.99
ORCL,0,41.54
EBAY,0.0,60.04
AAPL,11.2251524151,124.40
CHL,19.9191263347,63.87
VZ,116.489744643,48.50
COP,61.9055282561,60.76
AMZN,0.333678580647,371.52
SAP,0,67.58
QCOM,0,69.01
UTX,0,120.76
CSCO,7.38515112201,28.02
DCM,1268.54511532,18.33
IBM,0,157.46
BA,4.06367229119,151.89
INTC,0.0,30.63
V,87.5942433937,268.84
CMCSA,0.0,59.08
FB,270.201940918,78.60
GE,122.008414409,25.28
MA,124.812514155,89.25
TSM,0.0,23.66
day,103,2015-03-16
value,114600.664096
MSFT,14.1326298616,41.47
GOOG,0,550.95
T,584.322754811,32.79
ORCL,0,42.82
EBAY,0.0,59.52
AAPL,11.2251524151,123.88
CHL,19.9191263347,65.82
VZ,116.489744643,48.96
COP,61.9055282561,61.21
AMZN,0.333678580647,370.38
SAP,0,69.05
QCOM,0,69.14
UTX,0,119.25
CSCO,7.38515112201,28.10
DCM,1268.54511532,18.26
IBM,0,155.05
BA,4.06367229119,152.39
INTC,0.0,30.93
V,87.5942433937,266.89
CMCSA,0.0,59.37
FB,270.201940918,77.96
GE,122.008414409,25.06
MA,124.812514155,88.50
TSM,0.0,23.97
day,104,2015-03-17
value,114895.970885
MSFT,14.1326298616,41.37
GOOG,0.0,551.71
T,584.322754811,32.85
ORCL,0,43.11
EBAY,0.0,59.55
AAPL,11.2251524151,125.90
CHL,19.9191263347,65.63
VZ,116.489744643,49.01
COP,61.9055282561,62.01
AMZN,0.333678580647,371.11
SAP,0,69.02
QCOM,0,69.44
UTX,0,119.52
CSCO,7.38515112201,28.19
DCM,1268.54511532,18.24
IBM,0,156.20
BA,4.06367229119,152.88
INTC,0.0,30.58
V,87.5942433937,268.06
CMCSA,0.0,58.56
FB,270.201940918,78.36
GE,122.008414409,25.30
MA,124.812514155,88.26
TSM,0.0,24.05
day,105,2015-03-18
value,114773.15271
MSFT,14.1326298616,41.43
GOOG,0.0,552.50
T,584.322754811,32.93
ORCL,0,44.30
EBAY,0.0,59.36
AAPL,11.2251524151,127.00
CHL,19.9191263347,66.29
VZ,116.489744643,48.75
COP,61.9055282561,61.54
AMZN,0.333678580647,369.97
SAP,0,69.59
QCOM,0,69.60
UTX,0,119.28
CSCO,7.38515112201,27.88
DCM,1268.54511532,18.28
IBM,0,156.85
BA,4.06367229119,154.04
INTC,0.0,30.41
V,87.5942433937,264.09
CMCSA,0.0,59.00
FB,270.201940918,79.25
GE,122.008414409,25.18
MA,124.812514155,87.72
TSM,0.0,24.51
day,106,2015-03-19
value,98749.7903982
MSFT,14.1326298616,42.26
GOOG,0,559.39
T,584.322754811,33.51
ORCL,0,44.00
EBAY,0.0,56.81
AAPL,11.2251524151,128.75
CHL,19.9191263347,64.61
VZ,116.489744643,49.23
COP,61.9055282561,62.78
AMZN,0.333678580647,373.87
SAP,0,70.22
QCOM,0,70.23
UTX,0,120.04
CSCO,7.38515112201,28.10
DCM,1268.54511532,18.36
IBM,0,159.70
BA,4.06367229119,154.91
INTC,0.0,30.78
V,87.5942433937,66.83
CMCSA,0.0,59.04
FB,270.201940918,81.12
GE,122.008414409,25.44
MA,124.812514155,88.85
TSM,0.0,24.90
day,107,2015-03-20
value,99189.8058588
MSFT,14.1326298616,42.56
GOOG,0.0,561.65
T,584.322754811,33.27
ORCL,0,44.13
EBAY,0.0,58.21
AAPL,11.2251524151,128.25
CHL,19.9191263347,63.56
VZ,116.489744643,49.34
COP,61.9055282561,63.15
AMZN,0.333678580647,376.29
SAP,0,72.55
QCOM,0,70.20
UTX,0,119.81
CSCO,7.38515112201,28.45
DCM,1268.54511532,18.23
IBM,0,160.95
BA,4.06367229119,155.04
INTC,0.0,30.99
V,87.5942433937,67.25
CMCSA,0.0,59.11
FB,270.201940918,83.39
GE,122.008414409,25.34
MA,124.812514155,89.57
TSM,0.0,24.80
100000.0,99365.2078158,2568
