group,medium
day,1,2014-10-16
value,100000.0
TXN,0,42.04
ITW,0,80.10
YHOO,0,36.95
MU,0,27.33
NXPI,0,57.19
TWTR,0,48.34
ADBE,0,60.72
HPQ,0,31.75
NOK,0,7.60
BIDU,0,203.59
LNKD,0,188.69
INFY,0,62.34
CRM,0,51.97
SNE,0,16.57
AMAT,0,19.09
AVGO,0,70.67
EMC,0,26.81
ADP,0,70.79
ETN,0,57.83
PCLN,0,1044.67
VMW,0,88.15
WIT,0,11.95
INTU,0,78.15
CERN,0,56.17
CTSH,0,43.76
day,2,2014-10-17
value,104316.528655
TXN,132.149275822,43.95
ITW,69.3577472604,83.88
YHOO,150.353330326,38.74
MU,203.276822377,28.91
NXPI,97.1420800062,63.01
TWTR,0,49.72
ADBE,91.494656712,63.46
HPQ,174.978127734,34.26
NOK,0,7.91
BIDU,0,214.22
LNKD,29.4427662068,201.66
INFY,89.1170284818,63.02
CRM,0,54.74
SNE,335.277945417,17.15
AMAT,291.01914906,20.00
AVGO,78.6126440577,77.42
EMC,207.219528368,27.08
ADP,78.479383466,72.51
ETN,0,60.92
PCLN,0,1090.17
VMW,63.0238860528,89.79
WIT,464.90004649,12.06
INTU,71.088362835,79.66
CERN,98.90609855,56.89
CTSH,0,44.90
day,3,2014-10-20
value,103235.574915
TXN,132.149275822,43.49
ITW,69.3577472604,83.26
YHOO,150.353330326,38.47
MU,203.276822377,29.11
NXPI,97.1420800062,60.15
TWTR,0,49.07
ADBE,91.494656712,64.25
HPQ,174.978127734,33.02
NOK,0,7.83
BIDU,0,212.35
LNKD,29.4427662068,195.70
INFY,89.1170284818,61.56
CRM,-2.97317653407e-14,54.75
SNE,335.277945417,17.37
AMAT,291.01914906,19.73
AVGO,78.6126440577,76.67
EMC,207.219528368,26.83
ADP,78.479383466,72.54
ETN,0,60.97
PCLN,0,1076.52
VMW,63.0238860528,88.32
WIT,464.90004649,11.79
INTU,71.088362835,80.72
CERN,98.90609855,56.96
CTSH,0,43.90
day,4,2014-10-21
value,105718.503751
TXN,132.149275822,45.54
ITW,69.3577472604,85.80
YHOO,150.353330326,39.65
MU,203.276822377,30.40
NXPI,97.1420800062,63.34
TWTR,0,51.76
ADBE,91.494656712,64.84
HPQ,174.978127734,34.27
NOK,0,7.98
BIDU,0,218.08
LNKD,29.4427662068,201.00
INFY,89.1170284818,62.13
CRM,-2.97317653407e-14,56.40
SNE,335.277945417,17.37
AMAT,291.01914906,20.15
AVGO,78.6126440577,78.99
EMC,207.219528368,27.15
ADP,78.479383466,73.63
ETN,0,61.70
PCLN,0,1107.16
VMW,63.0238860528,88.69
WIT,464.90004649,12.00
INTU,71.088362835,81.79
CERN,98.90609855,58.51
CTSH,9.66040142703e-30,43.80
day,5,2014-10-22
value,107616.28198
TXN,132.149275822,47.41
ITW,69.3577472604,86.70
YHOO,150.353330326,42.42
MU,203.276822377,31.52
NXPI,97.1420800062,65.39
TWTR,0,51.13
ADBE,91.494656712,66.31
HPQ,174.978127734,34.73
NOK,0,8.21
BIDU,0,224.14
LNKD,29.4427662068,206.40
INFY,89.1170284818,62.03
CRM,0,56.77
SNE,335.277945417,17.78
AMAT,291.01914906,20.87
AVGO,78.6126440577,82.48
EMC,207.219528368,26.69
ADP,78.479383466,75.01
ETN,0,62.91
PCLN,0,1134.84
VMW,63.0238860528,80.04
WIT,464.90004649,12.25
INTU,71.088362835,83.34
CERN,98.90609855,59.16
CTSH,-2.01498625957e-15,44.64
day,6,2014-10-23
value,107417.67152
TXN,132.149275822,47.18
ITW,69.3577472604,87.10
YHOO,150.353330326,42.40
MU,203.276822377,31.04
NXPI,97.1420800062,65.99
TWTR,0,50.13
ADBE,91.494656712,65.62
HPQ,174.978127734,34.73
NOK,0,8.35
BIDU,0,220.20
LNKD,29.4427662068,202.98
INFY,89.1170284818,62.18
CRM,0,56.83
SNE,335.277945417,17.79
AMAT,291.01914906,20.60
AVGO,78.6126440577,82.14
EMC,207.219528368,27.64
ADP,78.479383466,75.75
ETN,0,62.08
PCLN,0,1125.12
VMW,63.0238860528,82.06
WIT,464.90004649,11.76
INTU,71.088362835,82.96
CERN,98.90609855,58.87
CTSH,-2.01498625957e-15,44.60
day,7,2014-10-24
value,107492.327979
TXN,132.149275822,47.13
ITW,69.3577472604,87.36
YHOO,150.353330326,42.53
MU,203.276822377,30.98
NXPI,97.1420800062,64.51
TWTR,0,50.16
ADBE,91.494656712,66.26
HPQ,174.978127734,35.00
NOK,0,8.44
BIDU,-1.90912597319e-47,218.05
LNKD,29.4427662068,201.50
INFY,89.1170284818,61.70
CRM,0,57.95
SNE,335.277945417,17.66
AMAT,291.01914906,20.99
AVGO,78.6126440577,81.70
EMC,207.219528368,27.89
ADP,78.479383466,75.78
ETN,0,62.73
PCLN,0,1130.82
VMW,63.0238860528,82.63
WIT,464.90004649,11.42
INTU,71.088362835,84.09
CERN,98.90609855,60.21
CTSH,-2.01498625957e-15,44.72
day,8,2014-10-27
value,108274.843698
TXN,132.149275822,47.64
ITW,69.3577472604,87.86
YHOO,150.353330326,43.31
MU,203.276822377,31.96
NXPI,97.1420800062,65.37
TWTR,0,50.02
ADBE,91.494656712,66.84
HPQ,174.978127734,34.95
NOK,0,8.29
BIDU,-2.17502469323e-17,220.51
LNKD,29.4427662068,202.31
INFY,89.1170284818,61.97
CRM,0,59.37
SNE,335.277945417,17.43
AMAT,291.01914906,20.88
AVGO,78.6126440577,81.51
EMC,207.219528368,28.18
ADP,78.479383466,76.25
ETN,0,62.74
PCLN,0,1138.00
VMW,63.0238860528,83.40
WIT,464.90004649,11.46
INTU,71.088362835,84.88
CERN,98.90609855,61.14
CTSH,0,45.04
day,9,2014-10-28
value,109424.04679
TXN,132.149275822,48.10
ITW,69.3577472604,88.96
YHOO,150.353330326,45.01
MU,203.276822377,32.51
NXPI,97.1420800062,65.42
TWTR,0,42.25
ADBE,91.494656712,67.45
HPQ,174.978127734,35.42
NOK,0,8.39
BIDU,-2.17502469323e-17,222.54
LNKD,29.4427662068,199.12
INFY,89.1170284818,62.20
CRM,0,59.97
SNE,335.277945417,17.59
AMAT,291.01914906,21.14
AVGO,78.6126440577,82.16
EMC,207.219528368,28.22
ADP,78.479383466,76.94
ETN,0,63.21
PCLN,0,1135.04
VMW,63.0238860528,84.09
WIT,464.90004649,11.68
INTU,71.088362835,85.46
CERN,98.90609855,62.61
CTSH,0,45.66
day,10,2014-10-29
value,110835.699951
TXN,139.965634563,48.13
ITW,73.5839933872,89.80
YHOO,0,45.94
MU,214.841474959,32.50
NXPI,102.889051199,67.29
TWTR,8.89862379748,43.85
ADBE,97.0686649469,68.21
HPQ,185.592663461,35.53
NOK,0,8.34
BIDU,0,227.37
LNKD,31.3309083092,202.99
INFY,95.1615116883,63.40
CRM,0,61.18
SNE,356.651842827,18.47
AMAT,308.803768523,21.05
AVGO,83.1886768649,84.57
EMC,220.542237633,28.51
ADP,83.365877558,77.09
ETN,0,66.22
PCLN,0,1156.46
VMW,67.4948915879,85.29
WIT,497.088989593,11.78
INTU,75.4876941648,86.02
CERN,104.910999611,63.33
CTSH,0,46.74
day,11,2014-10-30
value,110179.752229
TXN,139.965634563,48.14
ITW,73.5839933872,89.38
YHOO,0,45.21
MU,214.841474959,31.75
NXPI,102.889051199,66.45
TWTR,8.89862379748,41.56
ADBE,97.0686649469,67.23
HPQ,185.592663461,35.56
NOK,0,8.26
BIDU,1.84213504085e-16,222.30
LNKD,31.3309083092,198.46
INFY,95.1615116883,64.21
CRM,0,60.60
SNE,356.651842827,18.54
AMAT,308.803768523,21.36
AVGO,83.1886768649,83.84
EMC,220.542237633,28.28
ADP,83.365877558,77.89
ETN,0,65.51
PCLN,0,1142.92
VMW,67.4948915879,83.70
WIT,497.088989593,11.71
INTU,75.4876941648,85.68
CERN,104.910999611,62.26
CTSH,0,46.69
day,12,2014-10-31
value,113417.630698
TXN,139.965634563,49.15
ITW,73.5839933872,91.07
YHOO,4.31327476623e-17,46.16
MU,214.841474959,32.90
NXPI,102.889051199,67.80
TWTR,8.89862379748,42.69
ADBE,97.0686649469,69.89
HPQ,185.592663461,35.75
NOK,0,8.32
BIDU,0,240.14
LNKD,31.3309083092,224.24
INFY,95.1615116883,66.23
CRM,3.21787379837e-17,62.99
SNE,356.651842827,19.10
AMAT,308.803768523,21.71
AVGO,83.1886768649,85.11
EMC,220.542237633,28.71
ADP,83.365877558,80.61
ETN,0,67.85
PCLN,0,1175.58
VMW,67.4948915879,84.31
WIT,497.088989593,11.94
INTU,75.4876941648,88.61
CERN,104.910999611,63.89
CTSH,4.17655069996e-17,48.95
day,13,2014-11-03
value,114366.458395
TXN,146.78282101,49.65
ITW,0,90.96
YHOO,7.2587676319,46.05
MU,225.025812767,33.19
NXPI,107.831008631,68.43
TWTR,16.7474107239,40.55
ADBE,101.862837416,69.93
HPQ,194.96510301,36.03
NOK,0,8.38
BIDU,0,239.18
LNKD,32.8251319709,228.21
INFY,100.220619553,66.70
CRM,5.31933186043,63.92
SNE,374.194498004,19.64
AMAT,324.237426463,22.19
AVGO,87.1255199373,86.44
EMC,232.212899907,28.80
ADP,87.5224922943,81.50
ETN,0,68.37
PCLN,0,1211.69
VMW,71.4690905428,83.57
WIT,525.151360941,12.15
INTU,79.2690361565,88.24
CERN,110.155399578,63.32
CTSH,6.8450401203,48.98
day,14,2014-11-04
value,115023.392624
TXN,163.390358029,49.97
ITW,0,90.75
YHOO,25.1646137336,45.99
MU,249.869567301,33.48
NXPI,0,68.58
TWTR,37.0819165928,40.03
ADBE,0,69.95
HPQ,217.85059324,35.99
NOK,0,8.22
BIDU,3.44746305286,235.09
LNKD,36.4383137464,232.49
INFY,112.582901607,67.02
CRM,0,63.44
SNE,416.178419236,20.12
AMAT,361.39669699,22.14
AVGO,96.6646709436,85.90
EMC,260.843601747,29.02
ADP,97.6398446008,82.35
ETN,0,68.34
PCLN,0,1113.12
VMW,81.3358395314,83.82
WIT,593.016728264,12.35
INTU,88.6135988603,88.13
CERN,123.177576031,63.20
CTSH,23.6797525127,48.96
day,15,2014-11-05
value,115858.510729
TXN,187.833778478,50.48
ITW,0,91.37
YHOO,51.7233812879,47.62
MU,0,33.51
NXPI,0,70.50
TWTR,0,41.69
ADBE,0,71.53
HPQ,251.788846083,36.17
NOK,0,8.23
BIDU,8.64308056029,244.00
LNKD,0,235.96
INFY,130.807875045,67.70
CRM,0,63.97
SNE,476.886059386,20.25
AMAT,416.565519023,22.28
AVGO,110.883969195,85.79
EMC,302.933116558,29.02
ADP,112.472118066,83.78
ETN,0,68.76
PCLN,0,1103.00
VMW,95.9079908059,84.10
WIT,691.918567926,12.29
INTU,102.473098688,88.51
CERN,142.504122231,63.56
CTSH,48.6274183588,51.00
day,16,2014-11-06
value,116233.648063
TXN,0,51.05
ITW,0,92.00
YHOO,91.7089698244,47.37
MU,0,33.50
NXPI,27.0087053349,73.15
TWTR,0,40.19
ADBE,26.6197920608,71.59
HPQ,304.432299943,36.03
NOK,0,8.18
BIDU,16.4468253394,238.25
LNKD,0,221.84
INFY,158.933631708,67.48
CRM,29.7657296563,62.08
SNE,0,19.61
AMAT,502.028433122,22.58
AVGO,133.079023702,86.44
EMC,368.546959635,29.03
ADP,0,84.66
ETN,0,68.50
PCLN,0,1096.98
VMW,118.549057704,83.83
WIT,846.850522858,12.50
INTU,123.986077178,88.87
CERN,172.461858639,63.52
CTSH,85.9629816159,52.50
day,17,2014-11-07
value,116903.399513
TXN,0,51.10
ITW,0,92.98
YHOO,105.675656989,47.90
MU,0,33.31
NXPI,36.0531615342,73.51
TWTR,16.4618554611,40.74
ADBE,35.8613337703,72.35
HPQ,322.794830362,36.26
NOK,0,8.00
BIDU,19.2237486174,237.38
LNKD,0,224.65
INFY,168.738047402,67.62
CRM,40.4229779002,63.61
SNE,0,19.61
AMAT,531.328786132,22.65
AVGO,140.732910455,87.84
EMC,391.337244547,29.24
ADP,7.81481184718,84.87
ETN,0,68.89
PCLN,0,1094.35
VMW,126.441243926,83.50
WIT,0,12.51
INTU,131.43068133,89.30
CERN,182.877506797,63.94
CTSH,98.5649239203,52.62
day,18,2014-11-10
value,116222.545854
TXN,0,50.90
ITW,11.1779329743,92.73
YHOO,127.373448387,48.80
MU,0,32.93
NXPI,50.1917033374,73.92
TWTR,41.9730044045,40.34
ADBE,50.2265612472,71.63
HPQ,351.457935931,36.52
NOK,0,8.05
BIDU,23.6020627465,237.30
LNKD,4.62641534811,221.75
INFY,184.108118504,67.86
CRM,56.7619844707,64.05
SNE,0,20.45
AMAT,577.215064629,22.43
AVGO,152.564925573,84.92
EMC,0,29.10
ADP,20.0608847581,84.31
ETN,0,69.15
PCLN,0,1092.89
VMW,138.888240428,83.14
WIT,0,12.35
INTU,143.069250288,88.75
CERN,199.132186308,62.97
CTSH,0,53.46
day,19,2014-11-11
value,117204.693062
TXN,0,51.80
ITW,11.1779329743,93.07
YHOO,127.373448387,48.57
MU,0,32.98
NXPI,50.1917033374,73.83
TWTR,41.9730044045,39.31
ADBE,50.2265612472,71.81
HPQ,351.457935931,36.90
NOK,0,8.12
BIDU,23.6020627465,245.44
LNKD,4.62641534811,229.21
INFY,184.108118504,67.64
CRM,56.7619844707,64.45
SNE,0,20.50
AMAT,577.215064629,22.69
AVGO,152.564925573,85.84
EMC,0,29.25
ADP,20.0608847581,85.09
ETN,0,69.03
PCLN,0,1123.10
VMW,138.888240428,84.33
WIT,0,12.44
INTU,143.069250288,90.00
CERN,199.132186308,63.24
CTSH,0,53.00
day,20,2014-11-12
value,117054.323148
TXN,8.8472599593,51.32
ITW,16.1020553112,92.78
YHOO,136.809068438,49.33
MU,0,33.05
NXPI,0,73.43
TWTR,0,39.94
ADBE,56.6085145391,71.35
HPQ,363.877666714,36.66
NOK,0,8.06
BIDU,25.4692729237,248.58
LNKD,0,230.88
INFY,190.88351865,67.10
CRM,63.8727380144,63.79
SNE,0,20.43
AMAT,597.412863919,22.60
AVGO,157.903789342,85.91
EMC,0,28.91
ADP,25.4468063223,84.77
ETN,0,67.77
PCLN,0,1163.99
VMW,144.322701069,84.25
WIT,0,12.20
INTU,148.161339909,90.43
CERN,206.378993169,62.91
CTSH,0,53.10
day,21,2014-11-13
value,118309.542987
TXN,8.8472599593,51.15
ITW,16.1020553112,93.20
YHOO,136.809068438,50.96
MU,3.22485356623e-15,32.98
NXPI,0,73.50
TWTR,0,43.55
ADBE,56.6085145391,71.65
HPQ,363.877666714,36.60
NOK,0,8.18
BIDU,25.4692729237,250.16
LNKD,4.6163119527e-16,231.90
INFY,190.88351865,68.02
CRM,63.8727380144,64.00
SNE,0,20.34
AMAT,597.412863919,22.87
AVGO,157.903789342,87.07
EMC,0,29.30
ADP,25.4468063223,85.43
ETN,0,67.70
PCLN,0,1165.20
VMW,144.322701069,86.81
WIT,0,12.35
INTU,148.161339909,89.87
CERN,206.378993169,63.66
CTSH,0,53.32
day,22,2014-11-14
value,117567.958635
TXN,26.7666903118,50.88
ITW,25.9365924628,92.59
YHOO,154.795309853,50.52
MU,27.791960659,32.94
NXPI,0,72.48
TWTR,0,40.02
ADBE,69.4009620273,71.70
HPQ,388.920805035,36.44
NOK,0,7.95
BIDU,29.1332434327,245.62
LNKD,3.95247461204,230.06
INFY,204.358656294,67.84
CRM,78.1942827415,63.19
SNE,0,20.61
AMAT,637.490645403,22.21
AVGO,0,87.56
EMC,0,29.44
ADP,36.175810917,85.41
ETN,0,66.58
PCLN,0,1170.64
VMW,154.881148973,85.50
WIT,0,12.32
INTU,158.360281297,90.37
CERN,220.777027453,64.54
CTSH,0,53.29
day,23,2014-11-17
value,118171.876554
TXN,52.8437997168,51.55
ITW,40.2664696258,93.57
YHOO,181.058241891,51.83
MU,68.0713573355,31.90
NXPI,0,73.81
TWTR,0,41.46
ADBE,87.9058898729,70.98
HPQ,425.331434193,36.72
NOK,0,7.68
BIDU,34.5350972171,249.45
LNKD,9.71968023894,229.44
INFY,223.916488348,68.00
CRM,99.1913285798,63.73
SNE,0,20.19
AMAT,0,22.69
AVGO,0,88.78
EMC,0,29.95
ADP,0,84.70
ETN,0,66.88
PCLN,0,1169.96
VMW,170.399316535,86.03
WIT,0,12.54
INTU,173.042181557,90.71
CERN,241.334872612,64.30
CTSH,0,53.08
day,24,2014-11-18
value,118417.484799
TXN,59.411821403,51.55
ITW,43.8849533057,94.02
YHOO,187.590781307,52.28
MU,0,32.30
NXPI,4.5872038738,73.87
TWTR,0,40.69
ADBE,92.6759873359,69.86
HPQ,434.552063766,37.63
NOK,0,7.89
BIDU,35.8924093755,244.59
LNKD,0,219.28
INFY,228.895628317,68.14
CRM,104.504077959,62.51
SNE,0,21.12
AMAT,0,22.48
AVGO,0,88.35
EMC,0,30.28
ADP,0,84.85
ETN,0,66.95
PCLN,0,1164.99
VMW,174.334938038,86.64
WIT,0,12.60
INTU,176.774752585,91.01
CERN,246.600526079,64.14
CTSH,6.378702297,53.00
day,25,2014-11-19
value,118011.550116
TXN,59.411821403,51.80
ITW,43.8849533057,94.51
YHOO,187.590781307,51.24
MU,0,32.93
NXPI,4.5872038738,74.38
TWTR,0,40.35
ADBE,92.6759873359,71.01
HPQ,434.552063766,37.51
NOK,0,7.87
BIDU,35.8924093755,242.00
LNKD,0,220.10
INFY,228.895628317,67.44
CRM,104.504077959,62.18
SNE,0,20.90
AMAT,0,22.72
AVGO,0,91.51
EMC,0,30.39
ADP,0,84.79
ETN,0,67.37
PCLN,-4.87930530398e-17,1162.10
VMW,174.334938038,86.16
WIT,0,12.42
INTU,176.774752585,91.20
CERN,246.600526079,64.29
CTSH,6.378702297,52.50
day,26,2014-11-20
value,116576.379253
TXN,59.411821403,51.75
ITW,43.8849533057,94.04
YHOO,187.590781307,50.60
MU,0,32.73
NXPI,4.5872038738,72.71
TWTR,0,39.49
ADBE,92.6759873359,70.33
HPQ,434.552063766,37.02
NOK,0,7.86
BIDU,35.8924093755,238.86
LNKD,-1.84015080605e-17,218.50
INFY,228.895628317,67.82
CRM,104.504077959,59.43
SNE,0,20.37
AMAT,0,22.45
AVGO,0,88.84
EMC,0,29.82
ADP,0,84.28
ETN,0,66.50
PCLN,0,1149.62
VMW,174.334938038,83.33
WIT,0,12.31
INTU,176.774752585,91.06
CERN,246.600526079,63.58
CTSH,6.378702297,52.25
day,27,2014-11-21
value,118435.671365
TXN,59.411821403,52.64
ITW,43.8849533057,96.24
YHOO,187.590781307,51.99
MU,0,33.71
NXPI,4.5872038738,75.47
TWTR,0,40.25
ADBE,92.6759873359,72.00
HPQ,434.552063766,37.27
NOK,0,7.99
BIDU,35.8924093755,244.45
LNKD,-1.84015080605e-17,222.90
INFY,228.895628317,67.19
CRM,104.504077959,58.89
SNE,0,21.11
AMAT,0,22.92
AVGO,0,91.70
EMC,0,30.29
ADP,0,85.22
ETN,0,68.23
PCLN,7.3193892959e-34,1166.91
VMW,174.334938038,84.45
WIT,0,12.37
INTU,176.774752585,95.34
CERN,246.600526079,64.47
CTSH,6.378702297,52.52
day,28,2014-11-24
value,118052.091508
TXN,59.411821403,53.00
ITW,43.8849533057,96.03
YHOO,187.590781307,51.25
MU,4.54663362609e-48,34.41
NXPI,4.5872038738,74.87
TWTR,0,39.99
ADBE,92.6759873359,71.52
HPQ,434.552063766,37.54
NOK,0,8.08
BIDU,35.8924093755,247.76
LNKD,-1.84015080605e-17,219.20
INFY,228.895628317,68.61
CRM,104.504077959,57.29
SNE,0,21.22
AMAT,0,22.84
AVGO,0,90.55
EMC,0,29.98
ADP,0,84.51
ETN,0,68.54
PCLN,7.3193892959e-34,1157.52
VMW,174.334938038,85.28
WIT,0,12.53
INTU,176.774752585,92.01
CERN,246.600526079,63.81
CTSH,6.378702297,53.00
day,29,2014-11-25
value,118358.646063
TXN,79.9314245147,52.85
ITW,55.2099451303,96.01
YHOO,208.811053793,51.98
MU,31.6053172019,34.77
NXPI,19.1129012815,77.19
TWTR,0,40.12
ADBE,107.88206906,71.20
HPQ,0,37.50
NOK,0,8.11
BIDU,40.2818950266,244.28
LNKD,4.9614003874,221.56
INFY,244.746655353,68.95
CRM,123.48712849,57.97
SNE,51.2506581017,21.89
AMAT,0,23.11
AVGO,0,91.84
EMC,0,29.92
ADP,0,84.69
ETN,0,68.97
PCLN,0,1160.00
VMW,187.087505638,84.92
WIT,0,12.72
INTU,188.59454353,92.20
CERN,263.643919981,64.14
CTSH,26.8983054087,53.65
day,30,2014-11-26
value,118548.339671
TXN,88.3970688365,52.53
ITW,59.8699732775,95.58
YHOO,217.418389353,51.56
MU,44.4729991809,34.63
NXPI,24.9091093708,75.98
TWTR,0,39.83
ADBE,114.165907577,72.08
HPQ,0,37.38
NOK,0,8.22
BIDU,42.1134379381,244.97
LNKD,6.98075993971,223.76
INFY,251.235550239,69.16
CRM,0,59.28
SNE,71.6896394818,21.60
AMAT,0,23.30
AVGO,4.87161696875,91.58
EMC,0,29.89
ADP,0,84.72
ETN,0,69.34
PCLN,0.385697674491,1176.95
VMW,192.35610317,87.23
WIT,0,12.75
INTU,193.447139001,92.00
CERN,270.6194314,63.36
CTSH,35.2377145869,53.50
day,31,2014-11-28
value,119795.47484
TXN,88.3970688365,54.55
ITW,59.8699732775,95.78
YHOO,217.418389353,51.87
MU,44.4729991809,35.84
NXPI,24.9091093708,77.85
TWTR,0,41.09
ADBE,114.165907577,73.13
HPQ,0,38.75
NOK,0,8.24
BIDU,42.1134379381,246.99
LNKD,6.98075993971,225.72
INFY,251.235550239,69.71
CRM,0,57.93
SNE,71.6896394818,21.90
AMAT,0,23.70
AVGO,4.87161696875,94.13
EMC,0,30.25
ADP,0,85.26
ETN,0,68.92
PCLN,0.385697674491,1171.55
VMW,192.35610317,87.95
WIT,0,12.90
INTU,193.447139001,92.77
CERN,270.6194314,64.09
CTSH,35.2377145869,53.93
day,32,2014-12-01
value,119596.959821
TXN,88.3970688365,54.27
ITW,59.8699732775,94.75
YHOO,217.418389353,51.43
MU,44.4729991809,35.98
NXPI,24.9091093708,77.63
TWTR,0,41.29
ADBE,114.165907577,73.64
HPQ,0,38.50
NOK,0,8.34
BIDU,42.1134379381,242.00
LNKD,6.98075993971,225.81
INFY,251.235550239,69.70
CRM,0,59.09
SNE,71.6896394818,22.25
AMAT,0,24.04
AVGO,4.87161696875,93.05
EMC,0,30.23
ADP,0,85.18
ETN,0,67.57
PCLN,0.385697674491,1158.14
VMW,192.35610317,87.56
WIT,0,12.86
INTU,193.447139001,93.25
CERN,270.6194314,64.48
CTSH,35.2377145869,53.89
day,33,2014-12-02
value,118754.616062
TXN,88.3970688365,54.33
ITW,59.8699732775,94.54
YHOO,217.418389353,50.27
MU,44.4729991809,35.05
NXPI,24.9091093708,75.09
TWTR,0,39.40
ADBE,114.165907577,74.00
HPQ,0,38.35
NOK,0,8.34
BIDU,42.1134379381,237.04
LNKD,6.98075993971,217.88
INFY,251.235550239,68.72
CRM,0,59.48
SNE,71.6896394818,22.07
AMAT,0,23.71
AVGO,4.87161696875,90.69
EMC,0,30.29
ADP,0,86.45
ETN,0,67.39
PCLN,0.385697674491,1144.85
VMW,192.35610317,86.84
WIT,0,12.86
INTU,193.447139001,94.15
CERN,270.6194314,64.37
CTSH,35.2377145869,54.31
day,34,2014-12-03
value,118318.196374
TXN,98.7636890718,54.86
ITW,65.827435488,95.27
YHOO,228.62225801,50.71
MU,60.5419999621,35.90
NXPI,32.4096883744,76.17
TWTR,0,39.00
ADBE,0,73.64
HPQ,0,38.78
NOK,0,8.17
BIDU,44.4894861889,234.85
LNKD,9.56575386931,216.87
INFY,259.43139537,69.11
CRM,0,59.42
SNE,97.2092805049,21.87
AMAT,0,23.96
AVGO,11.0819872122,93.03
EMC,0,30.19
ADP,0,85.49
ETN,0,68.85
PCLN,0.877655989887,1138.69
VMW,198.841806502,84.39
WIT,0,12.98
INTU,199.429278963,93.24
CERN,279.36913588,64.17
CTSH,45.6081523954,54.43
day,35,2014-12-04
value,118418.473341
TXN,101.284681953,55.30
ITW,67.2791167039,96.72
YHOO,231.349563658,50.19
MU,64.3944141527,36.03
NXPI,34.2253857545,77.11
TWTR,0,38.80
ADBE,0,73.09
HPQ,0,39.05
NOK,0,8.15
BIDU,45.0783798208,232.19
LNKD,0,216.23
INFY,261.432577101,68.68
CRM,2.32752725416,58.66
SNE,103.533087978,22.04
AMAT,0,24.62
AVGO,12.5686223777,101.55
EMC,0,30.27
ADP,0,86.06
ETN,0,69.75
PCLN,0.999112812588,1126.34
VMW,200.48064605,85.13
WIT,0,13.10
INTU,200.912565851,93.46
CERN,281.524374612,64.06
CTSH,48.1490612589,54.39
day,36,2014-12-05
value,118328.420918
TXN,101.284681953,55.65
ITW,67.2791167039,96.07
YHOO,231.349563658,51.03
MU,64.3944141527,36.09
NXPI,34.2253857545,76.50
TWTR,0,38.97
ADBE,0,73.16
HPQ,0,39.11
NOK,0,8.17
BIDU,45.0783798208,230.89
LNKD,0,218.26
INFY,261.432577101,67.67
CRM,2.32752725416,58.98
SNE,103.533087978,22.21
AMAT,0,24.62
AVGO,12.5686223777,103.84
EMC,0,30.31
ADP,1.23845468701e-16,85.79
ETN,0,69.27
PCLN,0.999112812588,1141.12
VMW,200.48064605,84.62
WIT,0,12.92
INTU,200.912565851,94.13
CERN,281.524374612,64.11
CTSH,48.1490612589,53.46
day,37,2014-12-08
value,108552.567233
TXN,101.284681953,55.14
ITW,67.2791167039,97.24
YHOO,231.349563658,50.52
MU,64.3944141527,36.46
NXPI,34.2253857545,77.00
TWTR,0,38.08
ADBE,0,72.40
HPQ,0,38.75
NOK,0,8.32
BIDU,45.0783798208,230.11
LNKD,0.0,216.90
INFY,261.432577101,32.28
CRM,2.32752725416,58.54
SNE,103.533087978,21.41
AMAT,0,25.12
AVGO,12.5686223777,104.00
EMC,0,30.26
ADP,1.23845468701e-16,85.36
ETN,0,69.25
PCLN,0.999112812588,1131.85
VMW,200.48064605,84.00
WIT,0,12.71
INTU,200.912565851,93.47
CERN,281.524374612,63.86
CTSH,48.1490612589,53.04
day,38,2014-12-09
value,105858.375711
TXN,102.424050265,54.54
ITW,67.9251961848,95.38
YHOO,232.593125985,48.75
MU,66.117529038,34.85
NXPI,35.0412918418,75.16
TWTR,0,34.97
ADBE,0,71.34
HPQ,1.62128435402,37.54
NOK,0,8.09
BIDU,45.3514004141,222.01
LNKD,0.289648541808,207.04
INFY,263.378821485,32.12
CRM,3.40072111679,55.04
SNE,106.467453635,20.58
AMAT,2.50098601585,24.13
AVGO,13.1727066923,99.89
EMC,0,29.64
ADP,0.735997759117,85.18
ETN,0,67.05
PCLN,0,1128.00
VMW,201.228559964,80.98
WIT,0,12.20
INTU,201.58470417,90.84
CERN,282.508163662,63.31
CTSH,49.3335403071,51.84
day,39,2014-12-10
value,107443.966866
TXN,102.424050265,54.92
ITW,67.9251961848,95.58
YHOO,232.593125985,50.33
MU,66.117529038,35.44
NXPI,35.0412918418,76.61
TWTR,0,36.91
ADBE,0,71.56
HPQ,1.62128435402,37.55
NOK,0,8.20
BIDU,45.3514004141,229.57
LNKD,0.289648541808,215.38
INFY,263.378821485,32.07
CRM,3.40072111679,56.11
SNE,106.467453635,21.02
AMAT,2.50098601585,24.36
AVGO,13.1727066923,102.00
EMC,0,29.76
ADP,0.735997759117,84.56
ETN,0,68.21
PCLN,0,1131.81
VMW,201.228559964,81.48
WIT,0,12.12
INTU,201.58470417,92.70
CERN,282.508163662,63.84
CTSH,49.3335403071,52.65
day,40,2014-12-11
value,106793.307949
TXN,102.489256583,54.29
ITW,67.9626635527,95.07
YHOO,232.664278995,49.54
MU,66.2185767533,35.16
NXPI,35.0880367971,76.12
TWTR,0,36.45
ADBE,0,70.10
HPQ,0,37.30
NOK,0,8.11
BIDU,45.3669997129,226.10
LNKD,0.30627557788,215.19
INFY,263.49048756,30.97
CRM,3.46454451777,55.50
SNE,106.637821429,20.87
AMAT,2.64799467879,23.87
AVGO,13.20781582,100.08
EMC,0,29.43
ADP,0.778347936849,85.53
ETN,0,67.08
PCLN,0,1119.39
VMW,201.272511007,79.95
WIT,0,11.80
INTU,201.623335573,93.14
CERN,282.564259073,65.32
CTSH,49.4015579905,51.85
day,41,2014-12-12
value,104675.946031
TXN,102.6860211,53.94
ITW,68.0750265021,94.12
YHOO,232.87990971,49.54
MU,66.5223977316,34.92
NXPI,35.2283723935,73.75
TWTR,0.293068466295,36.31
ADBE,0.152387241034,74.17
HPQ,0,38.21
NOK,0,8.06
BIDU,45.4142458234,225.89
LNKD,0.355917037039,214.97
INFY,263.835413153,31.34
CRM,0,55.31
SNE,107.149673159,20.50
AMAT,3.09551648844,23.65
AVGO,13.3145538855,98.98
EMC,0,28.98
ADP,0.903243828308,83.47
ETN,0,66.02
PCLN,0,1108.63
VMW,201.406123835,76.99
WIT,0,11.55
INTU,201.738026851,90.70
CERN,282.727797738,62.49
CTSH,49.6075820136,50.63
day,42,2014-12-15
value,105167.864659
TXN,102.6860211,53.64
ITW,68.0750265021,94.09
YHOO,232.87990971,50.42
MU,66.5223977316,34.35
NXPI,35.2283723935,74.26
TWTR,0.293068466295,38.13
ADBE,0.152387241034,75.66
HPQ,0,38.05
NOK,0,7.91
BIDU,45.4142458234,229.99
LNKD,0.355917037039,221.71
INFY,263.835413153,30.98
CRM,0,55.42
SNE,107.149673159,19.94
AMAT,3.09551648844,23.82
AVGO,13.3145538855,99.97
EMC,0,28.49
ADP,0.903243828308,82.81
ETN,0,66.00
PCLN,0,1107.10
VMW,201.406123835,77.19
WIT,0,11.19
INTU,201.738026851,93.02
CERN,282.727797738,61.74
CTSH,49.6075820136,50.55
day,43,2014-12-16
value,103771.888744
TXN,102.786607463,53.00
ITW,68.1323700296,92.37
YHOO,232.986919874,49.50
MU,66.6794705847,32.90
NXPI,35.3010286351,71.38
TWTR,0.434569974423,36.50
ADBE,0,72.87
HPQ,0,37.22
NOK,0,7.64
BIDU,45.4377053326,223.64
LNKD,0.380252666938,215.83
INFY,264.009572369,30.51
CRM,0,54.36
SNE,107.420257537,19.78
AMAT,3.32202582954,23.17
AVGO,13.3685246018,97.75
EMC,0,28.12
ADP,0,82.77
ETN,0,64.07
PCLN,0,1067.55
VMW,201.47602217,76.22
WIT,0,11.12
INTU,201.796029995,92.60
CERN,282.815187639,61.57
CTSH,49.7143169791,50.40
day,44,2014-12-17
value,103620.80105
TXN,102.786607463,52.45
ITW,68.1323700296,92.48
YHOO,232.986919874,49.02
MU,66.6794705847,33.08
NXPI,35.3010286351,73.31
TWTR,0.434569974423,35.56
ADBE,0,72.50
HPQ,0,38.04
NOK,0,7.70
BIDU,45.4377053326,221.21
LNKD,0.380252666938,216.53
INFY,264.009572369,30.88
CRM,0,54.19
SNE,107.420257537,20.14
AMAT,3.32202582954,23.80
AVGO,13.3685246018,97.33
EMC,0,28.20
ADP,0,82.62
ETN,0,65.11
PCLN,0,1050.40
VMW,201.47602217,76.98
WIT,0.0,11.30
INTU,201.796029995,92.03
CERN,282.815187639,60.99
CTSH,49.7143169791,51.07
day,45,2014-12-18
value,107126.758956
TXN,105.812000895,54.51
ITW,69.8482208677,94.47
YHOO,236.224004442,50.93
MU,71.4763836895,34.62
NXPI,37.4655612433,77.53
TWTR,4.89694020804,36.13
ADBE,0,75.41
HPQ,0,39.09
NOK,0,7.95
BIDU,46.1550412826,228.69
LNKD,1.11309285309,224.05
INFY,269.148234464,31.74
CRM,0,58.49
SNE,115.299199221,21.13
AMAT,9.9893319433,24.87
AVGO,14.9988737799,100.90
EMC,0,29.14
ADP,0,85.87
ETN,0,65.82
PCLN,0,1088.92
VMW,203.537361291,81.05
WIT,14.0426447352,11.43
INTU,203.520270846,92.80
CERN,285.416956544,63.36
CTSH,0,52.05
day,46,2014-12-19
value,108553.358463
TXN,105.812000895,54.95
ITW,69.8482208677,95.48
YHOO,236.224004442,51.06
MU,71.4763836895,34.59
NXPI,37.4655612433,78.01
TWTR,4.89694020804,36.70
ADBE,0,75.00
HPQ,0,39.78
NOK,0,7.85
BIDU,46.1550412826,232.56
LNKD,1.11309285309,232.81
INFY,269.148234464,32.54
CRM,0,59.61
SNE,115.299199221,20.67
AMAT,9.9893319433,25.03
AVGO,14.9988737799,101.74
EMC,0,29.95
ADP,0,85.45
ETN,0,67.62
PCLN,0,1110.45
VMW,203.537361291,83.61
WIT,14.0426447352,11.84
INTU,203.520270846,94.26
CERN,285.416956544,63.61
CTSH,0,53.40
day,47,2014-12-22
value,108715.838841
TXN,106.106745147,54.49
ITW,70.0178500749,96.36
YHOO,236.541203751,50.99
MU,71.9446171875,34.75
NXPI,37.6731781732,76.58
TWTR,5.3382534695,37.50
ADBE,0,74.38
HPQ,0,39.98
NOK,0,7.91
BIDU,46.2246843712,235.47
LNKD,0,234.71
INFY,269.645966385,31.94
CRM,0,59.93
SNE,116.082759777,20.80
AMAT,10.6364033255,24.92
AVGO,15.1580658056,101.00
EMC,0,30.10
ADP,0,84.72
ETN,0,69.61
PCLN,0,1111.01
VMW,203.73107253,83.62
WIT,15.4105667534,11.81
INTU,203.692095551,94.45
CERN,285.671573691,64.27
CTSH,0.303299563586,53.64
day,48,2014-12-23
value,109349.046753
TXN,106.106745147,54.96
ITW,70.0178500749,97.17
YHOO,236.541203751,51.46
MU,71.9446171875,34.92
NXPI,37.6731781732,77.80
TWTR,5.3382534695,38.58
ADBE,0,74.65
HPQ,1.18483030809e-16,39.94
NOK,0,8.01
BIDU,46.2246843712,234.45
LNKD,2.01821463582e-17,235.19
INFY,269.645966385,31.67
CRM,0,60.00
SNE,116.082759777,20.88
AMAT,10.6364033255,25.49
AVGO,15.1580658056,102.34
EMC,0,30.50
ADP,0,86.31
ETN,0,69.57
PCLN,0,1155.64
VMW,203.73107253,83.77
WIT,15.4105667534,11.88
INTU,203.692095551,95.10
CERN,285.671573691,65.22
CTSH,0.303299563586,54.82
day,49,2014-12-24
value,109050.892125
TXN,106.106745147,54.99
ITW,70.0178500749,97.25
YHOO,236.541203751,50.19
MU,71.9446171875,35.03
NXPI,37.6731781732,76.52
TWTR,5.3382534695,37.67
ADBE,0,74.49
HPQ,1.18483030809e-16,40.47
NOK,0,8.05
BIDU,46.2246843712,233.00
LNKD,2.01821463582e-17,231.24
INFY,269.645966385,31.44
CRM,0,60.53
SNE,116.082759777,21.23
AMAT,10.6364033255,25.40
AVGO,15.1580658056,100.92
EMC,0,30.61
ADP,0,85.13
ETN,0,69.56
PCLN,0,1148.00
VMW,203.73107253,83.88
WIT,15.4105667534,11.75
INTU,203.692095551,95.30
CERN,285.671573691,65.53
CTSH,0.303299563586,54.25
day,50,2014-12-26
value,109149.798387
TXN,106.106745147,54.91
ITW,70.0178500749,97.26
YHOO,236.541203751,50.65
MU,71.9446171875,35.03
NXPI,37.6731781732,76.76
TWTR,5.3382534695,37.76
ADBE,0,74.74
HPQ,1.24889586452e-16,40.53
NOK,0,8.10
BIDU,46.2246843712,232.03
LNKD,0,232.27
INFY,269.645966385,32.20
CRM,4.28338521199e-18,60.46
SNE,116.082759777,21.38
AMAT,10.6364033255,25.45
AVGO,15.1580658056,100.97
EMC,0,30.70
ADP,0,85.57
ETN,0,69.41
PCLN,0,1152.43
VMW,203.73107253,84.22
WIT,15.4105667534,11.88
INTU,203.692095551,94.52
CERN,285.671573691,65.17
CTSH,0.303299563586,54.31
day,51,2014-12-29
value,109022.319768
TXN,106.106745147,54.70
ITW,70.0178500749,96.62
YHOO,236.541203751,50.67
MU,71.9446171875,35.27
NXPI,37.6731781732,77.11
TWTR,5.3382534695,37.39
ADBE,-5.55512376393e-34,74.56
HPQ,1.24889586452e-16,40.58
NOK,0,8.07
BIDU,46.2246843712,233.21
LNKD,0,235.30
INFY,269.645966385,31.83
CRM,4.28338521199e-18,60.41
SNE,116.082759777,21.21
AMAT,10.6364033255,25.02
AVGO,15.1580658056,100.62
EMC,0,30.74
ADP,0,85.02
ETN,0,69.15
PCLN,0,1154.64
VMW,203.73107253,84.02
WIT,15.4105667534,11.72
INTU,203.692095551,94.08
CERN,285.671573691,65.57
CTSH,0.303299563586,53.69
day,52,2014-12-30
value,108344.371987
TXN,106.106745147,54.37
ITW,70.0178500749,95.95
YHOO,236.541203751,50.35
MU,71.9446171875,35.43
NXPI,37.6731781732,75.91
TWTR,5.3382534695,36.02
ADBE,-5.55512376393e-34,73.63
HPQ,1.24889586452e-16,40.57
NOK,0,8.00
BIDU,46.2246843712,228.52
LNKD,-9.30526498303e-50,232.37
INFY,269.645966385,32.01
CRM,4.28338521199e-18,60.26
SNE,116.082759777,20.60
AMAT,10.6364033255,25.03
AVGO,15.1580658056,101.07
EMC,0,30.49
ADP,0,84.74
ETN,0,69.09
PCLN,0,1155.49
VMW,203.73107253,83.39
WIT,15.4105667534,11.59
INTU,203.692095551,93.17
CERN,285.671573691,65.81
CTSH,0.303299563586,53.61
day,53,2014-12-31
value,108361.869305
TXN,106.106745147,54.20
ITW,70.0178500749,96.51
YHOO,236.541203751,51.54
MU,71.9446171875,35.45
NXPI,37.6731781732,75.56
TWTR,5.3382534695,35.89
ADBE,-5.55512376393e-34,73.40
HPQ,1.24889586452e-16,40.75
NOK,0,7.94
BIDU,46.2246843712,229.78
LNKD,-9.30526498303e-50,233.09
INFY,269.645966385,31.72
CRM,4.28338521199e-18,59.39
SNE,116.082759777,20.71
AMAT,10.6364033255,25.31
AVGO,15.1580658056,101.10
EMC,0,30.17
ADP,0,84.38
ETN,0,69.12
PCLN,0,1150.93
VMW,203.73107253,82.45
WIT,15.4105667534,11.62
INTU,203.692095551,93.18
CERN,285.671573691,65.53
CTSH,0.303299563586,53.71
day,54,2015-01-02
value,107761.476514
TXN,106.106745147,53.56
ITW,70.0178500749,95.16
YHOO,236.541203751,50.66
MU,71.9446171875,35.24
NXPI,37.6731781732,76.56
TWTR,5.3382534695,36.23
ADBE,-5.55512376393e-34,72.70
HPQ,1.24889586452e-16,40.06
NOK,0,7.97
BIDU,46.2246843712,229.46
LNKD,-9.30526498303e-50,230.74
INFY,269.645966385,32.23
CRM,4.28338521199e-18,59.90
SNE,116.082759777,20.47
AMAT,10.6364033255,24.99
AVGO,15.1580658056,100.93
EMC,0,29.79
ADP,0,82.98
ETN,0,68.39
PCLN,0,1144.00
VMW,203.73107253,82.60
WIT,15.4105667534,11.52
INTU,203.692095551,92.21
CERN,285.671573691,64.92
CTSH,0.303299563586,52.89
day,55,2015-01-05
value,106275.057546
TXN,106.106745147,53.19
ITW,70.0178500749,94.21
YHOO,236.541203751,49.71
MU,71.9446171875,34.71
NXPI,37.6731781732,76.91
TWTR,5.3382534695,36.26
ADBE,0,72.21
HPQ,1.24889586452e-16,39.80
NOK,0,7.74
BIDU,46.2246843712,222.88
LNKD,-9.21195188109e-36,227.99
INFY,269.645966385,31.67
CRM,4.28338521199e-18,58.60
SNE,116.082759777,20.45
AMAT,10.6364033255,24.75
AVGO,15.1580658056,100.07
EMC,0,29.60
ADP,0,83.25
ETN,0,67.11
PCLN,0,1138.37
VMW,203.73107253,81.73
WIT,15.4105667534,11.29
INTU,203.692095551,90.30
CERN,285.671573691,64.61
CTSH,0.303299563586,53.97
day,56,2015-01-06
value,105598.885241
TXN,106.106745147,52.89
ITW,70.0178500749,92.68
YHOO,236.541203751,49.20
MU,71.9446171875,34.10
NXPI,37.6731781732,75.50
TWTR,5.3382534695,36.27
ADBE,0,71.95
HPQ,1.24889586452e-16,39.87
NOK,0,7.59
BIDU,46.2246843712,220.89
LNKD,-9.21195188109e-36,227.62
INFY,269.645966385,31.39
CRM,4.28338521199e-18,58.18
SNE,116.082759777,20.46
AMAT,10.6364033255,24.13
AVGO,15.1580658056,98.95
EMC,0,29.30
ADP,0,83.30
ETN,0,65.09
PCLN,0,1103.41
VMW,203.73107253,81.28
WIT,15.4105667534,11.20
INTU,203.692095551,90.81
CERN,285.671573691,64.12
CTSH,0.303299563586,52.11
day,57,2015-01-07
value,104428.30914
TXN,106.106745147,52.01
ITW,70.0178500749,91.84
YHOO,236.541203751,49.62
MU,71.9446171875,31.53
NXPI,37.6731781732,73.04
TWTR,5.3382534695,39.10
ADBE,0,70.77
HPQ,1.24889586452e-16,39.54
NOK,0,7.54
BIDU,46.2246843712,222.42
LNKD,-9.21195188109e-36,220.99
INFY,269.645966385,31.40
CRM,4.28338521199e-18,57.79
SNE,116.082759777,21.59
AMAT,10.6364033255,23.37
AVGO,15.1580658056,97.05
EMC,0,28.93
ADP,0,82.22
ETN,0,65.31
PCLN,0,1090.77
VMW,203.73107253,79.51
WIT,15.4105667534,11.15
INTU,203.692095551,87.97
CERN,285.671573691,63.83
CTSH,0.303299563586,51.21
day,58,2015-01-08
value,105537.756937
TXN,106.106745147,53.13
ITW,70.0178500749,92.94
YHOO,236.541203751,48.99
MU,71.9446171875,32.56
NXPI,37.6731781732,75.51
TWTR,5.3382534695,37.42
ADBE,0,71.40
HPQ,1.24889586452e-16,40.12
NOK,0,7.54
BIDU,46.2246843712,227.05
LNKD,0,223.59
INFY,269.645966385,32.05
CRM,4.28338521199e-18,57.33
SNE,116.082759777,21.53
AMAT,10.6364033255,23.69
AVGO,15.1580658056,100.53
EMC,0,29.01
ADP,0,83.96
ETN,0,65.20
PCLN,0,1056.95
VMW,203.73107253,79.13
WIT,15.4105667534,11.29
INTU,203.692095551,89.18
CERN,285.671573691,64.86
CTSH,0.303299563586,52.84
day,59,2015-01-09
value,107728.012792
TXN,106.106745147,53.48
ITW,70.0178500749,94.50
YHOO,236.541203751,50.28
MU,71.9446171875,33.76
NXPI,37.6731781732,78.35
TWTR,5.3382534695,39.22
ADBE,0,72.89
HPQ,1.24889586452e-16,40.84
NOK,0,7.57
BIDU,46.2246843712,230.13
LNKD,0,227.80
INFY,269.645966385,34.55
CRM,4.28338521199e-18,59.16
SNE,116.082759777,21.78
AMAT,10.6364033255,24.10
AVGO,15.1580658056,104.47
EMC,0,29.39
ADP,0,85.05
ETN,0,67.09
PCLN,0,1083.50
VMW,203.73107253,80.17
WIT,15.4105667534,11.45
INTU,203.692095551,90.33
CERN,285.671573691,65.48
CTSH,0.303299563586,54.55
day,60,2015-01-12
value,106622.227486
TXN,106.106745147,53.74
ITW,70.0178500749,93.76
YHOO,236.541203751,49.92
MU,71.9446171875,32.39
NXPI,37.6731781732,81.00
TWTR,5.3382534695,40.28
ADBE,0,72.13
HPQ,1.24889586452e-16,40.68
NOK,0,7.57
BIDU,46.2246843712,226.10
LNKD,0,226.61
INFY,269.645966385,34.01
CRM,4.28338521199e-18,58.45
SNE,116.082759777,21.38
AMAT,10.6364033255,24.27
AVGO,15.1580658056,105.07
EMC,0,29.50
ADP,0,84.72
ETN,0,65.95
PCLN,0,1054.69
VMW,203.73107253,80.21
WIT,15.4105667534,11.24
INTU,203.692095551,87.90
CERN,285.671573691,64.97
CTSH,0.303299563586,54.03
day,61,2015-01-13
value,106509.156564
TXN,106.106745147,53.57
ITW,70.0178500749,93.85
YHOO,236.541203751,49.15
MU,71.9446171875,31.92
NXPI,37.6731781732,81.00
TWTR,5.3382534695,39.74
ADBE,0,71.95
HPQ,1.24889586452e-16,39.96
NOK,0.0,7.57
BIDU,46.2246843712,223.61
LNKD,0,226.10
INFY,269.645966385,33.79
CRM,4.28338521199e-18,58.39
SNE,116.082759777,21.40
AMAT,10.6364033255,23.90
AVGO,15.1580658056,103.78
EMC,0,29.16
ADP,0,84.80
ETN,0,65.75
PCLN,0,1052.45
VMW,203.73107253,81.27
WIT,15.4105667534,11.43
INTU,203.692095551,87.59
CERN,285.671573691,65.52
CTSH,0.303299563586,54.79
day,62,2015-01-14
value,104105.478441
TXN,106.106745147,52.55
ITW,70.0178500749,91.68
YHOO,236.541203751,47.70
MU,71.9446171875,30.27
NXPI,37.6731781732,78.02
TWTR,5.3382534695,38.89
ADBE,0,69.88
HPQ,1.24889586452e-16,39.49
NOK,0.0,7.65
BIDU,46.2246843712,217.34
LNKD,0,220.00
INFY,269.645966385,33.95
CRM,4.28338521199e-18,57.41
SNE,116.082759777,20.76
AMAT,10.6364033255,23.01
AVGO,15.1580658056,101.11
EMC,0,28.37
ADP,0,83.08
ETN,0,64.01
PCLN,0,1026.15
VMW,203.73107253,79.13
WIT,15.4105667534,11.27
INTU,203.692095551,85.20
CERN,285.671573691,64.58
CTSH,0.303299563586,53.83
day,63,2015-01-15
value,104432.549783
TXN,106.314672112,52.91
ITW,70.1370315972,92.84
YHOO,236.770272136,47.54
MU,72.3055871898,30.25
NXPI,37.8132263912,80.20
TWTR,0,39.70
ADBE,0.156361791213,71.71
HPQ,0.276691870599,39.46
NOK,1.42830875424,7.47
BIDU,46.274958421,218.48
LNKD,0,220.00
INFY,269.967809153,33.89
CRM,0.190325064796,57.15
SNE,116.609087425,21.24
AMAT,11.1112647757,23.57
AVGO,15.2661318918,103.56
EMC,0,28.14
ADP,0,83.87
ETN,0,64.24
PCLN,0,1041.06
VMW,203.869156215,78.00
WIT,16.3800931039,11.38
INTU,203.820341583,86.15
CERN,285.840767899,64.80
CTSH,0.50628232357,54.36
day,64,2015-01-16
value,103401.387047
TXN,119.998590426,52.48
ITW,77.9355679822,92.08
YHOO,251.999891782,46.06
MU,0,29.15
NXPI,46.840858785,76.44
TWTR,0,37.18
ADBE,10.2528074471,70.03
HPQ,18.6247942017,37.88
NOK,98.3514838528,7.45
BIDU,0,220.00
LNKD,3.29098235448,213.12
INFY,291.331518742,34.30
CRM,0,54.96
SNE,150.696475277,20.40
AMAT,41.8289617628,23.21
AVGO,22.257403792,100.69
EMC,0,27.67
ADP,0,83.56
ETN,0,63.65
PCLN,0,997.01
VMW,213.151414138,79.12
WIT,80.0018960903,11.43
INTU,212.22447528,84.95
CERN,297.013856139,64.14
CTSH,13.825195458,53.93
day,65,2015-01-20
value,105469.797737
TXN,121.02633666,53.49
ITW,78.5213208315,93.76
YHOO,253.170888794,46.79
MU,1.85029579286,29.51
NXPI,47.5464595485,79.34
TWTR,1.45067569559,37.59
ADBE,11.0229934012,71.79
HPQ,20.0486622683,38.44
NOK,105.591231821,7.68
BIDU,0,222.02
LNKD,3.54406100671,215.22
INFY,292.904000443,34.65
CRM,0,56.70
SNE,153.340402844,20.91
AMAT,0,23.58
AVGO,22.7930689262,103.69
EMC,0,28.00
ADP,0,84.83
ETN,0,64.89
PCLN,0,1016.45
VMW,213.83311437,80.75
WIT,84.7207169444,12.00
INTU,212.859391376,87.05
CERN,297.854768555,65.20
CTSH,14.8253089822,55.23
day,66,2015-01-21
value,105472.052032
TXN,121.865144144,53.30
ITW,78.9998597857,93.09
YHOO,254.12980763,47.60
MU,3.3707231851,29.50
NXPI,48.1119726862,79.27
TWTR,2.64428602666,37.65
ADBE,11.6479803401,71.16
HPQ,21.2158790306,38.42
NOK,111.433394887,7.65
BIDU,0,220.82
LNKD,0,213.39
INFY,294.198886803,35.11
CRM,0,56.99
SNE,155.486161445,21.86
AMAT,0,23.75
AVGO,23.2257800106,104.33
EMC,0,27.60
ADP,0,84.56
ETN,0,64.35
PCLN,0,1024.00
VMW,214.388752913,80.28
WIT,88.4597013065,11.87
INTU,213.374817136,85.92
CERN,298.542925186,64.99
CTSH,15.6376901581,55.55
day,67,2015-01-22
value,106605.985474
TXN,121.865144144,54.32
ITW,78.9998597857,94.43
YHOO,254.12980763,48.43
MU,3.3707231851,30.45
NXPI,48.1119726862,79.66
TWTR,2.64428602666,37.98
ADBE,11.6479803401,71.90
HPQ,21.2158790306,38.92
NOK,111.433394887,7.81
BIDU,0,230.00
LNKD,-1.05151092627e-17,220.36
INFY,294.198886803,35.49
CRM,0,57.91
SNE,155.486161445,21.99
AMAT,0,24.30
AVGO,23.2257800106,105.98
EMC,-8.12977958536e-17,27.97
ADP,0,85.00
ETN,0,66.60
PCLN,0,1048.50
VMW,214.388752913,80.00
WIT,88.4597013065,12.34
INTU,213.374817136,86.93
CERN,298.542925186,65.89
CTSH,15.6376901581,55.35
day,68,2015-01-23
value,108440.562319
TXN,121.865144144,54.96
ITW,78.9998597857,94.63
YHOO,254.12980763,48.74
MU,3.3707231851,30.89
NXPI,48.1119726862,78.93
TWTR,2.64428602666,39.48
ADBE,11.6479803401,73.44
HPQ,21.2158790306,39.96
NOK,111.433394887,7.99
BIDU,0,229.20
LNKD,-1.05151092627e-17,229.49
INFY,294.198886803,35.78
CRM,0,58.00
SNE,155.486161445,22.51
AMAT,0,24.52
AVGO,23.2257800106,105.03
EMC,-8.12977958536e-17,28.62
ADP,0,86.65
ETN,0,67.73
PCLN,0,1047.95
VMW,214.388752913,82.46
WIT,88.4597013065,12.85
INTU,213.374817136,89.39
CERN,298.542925186,67.16
CTSH,15.6376901581,56.05
day,69,2015-01-26
value,108684.223182
TXN,121.865144144,54.70
ITW,78.9998597857,93.55
YHOO,254.12980763,49.57
MU,3.3707231851,30.54
NXPI,48.1119726862,79.95
TWTR,2.64428602666,39.33
ADBE,11.6479803401,72.61
HPQ,21.2158790306,39.74
NOK,111.433394887,7.95
BIDU,-5.26420686014e-19,234.49
LNKD,0,232.21
INFY,294.198886803,35.45
CRM,0,58.53
SNE,155.486161445,23.30
AMAT,-4.92070233419e-18,24.11
AVGO,23.2257800106,106.74
EMC,-8.55135757709e-17,28.65
ADP,0,86.25
ETN,0,66.72
PCLN,0,1036.12
VMW,214.388752913,82.73
WIT,88.4597013065,12.60
INTU,213.374817136,89.46
CERN,298.542925186,67.17
CTSH,15.6376901581,56.17
day,70,2015-01-27
value,107847.87058
TXN,122.733297363,54.53
ITW,79.5074811764,93.37
YHOO,255.087806038,49.14
MU,4.92566690141,30.43
NXPI,48.7059436818,78.00
TWTR,0,39.56
ADBE,0,71.71
HPQ,22.4108458423,37.46
NOK,117.406725842,8.02
BIDU,0.202516018151,227.20
LNKD,0.204504461893,222.06
INFY,295.538463138,34.83
CRM,0,58.90
SNE,157.524272222,23.00
AMAT,1.96963836981,23.86
AVGO,23.6706739688,105.07
EMC,1.65752115519,27.87
ADP,0.550585288071,85.71
ETN,0,65.40
PCLN,0,1029.73
VMW,214.96276453,81.00
WIT,92.228588695,12.76
INTU,213.905646345,88.19
CERN,299.249907189,68.37
CTSH,16.483123327,55.70
day,71,2015-01-28
value,108023.86626
TXN,124.777984241,54.75
ITW,80.7016203584,93.85
YHOO,257.356767687,49.80
MU,8.58970815744,30.00
NXPI,50.1353895205,80.80
TWTR,0,38.43
ADBE,0,71.54
HPQ,25.3872680372,37.83
NOK,0,8.12
BIDU,0.693258867716,227.81
LNKD,0.706606485765,225.63
INFY,298.739633837,35.38
CRM,1.89298430257,58.43
SNE,162.37195811,23.89
AMAT,6.64259626676,23.78
AVGO,24.731840576,107.12
EMC,5.65812307199,27.81
ADP,1.85144604436,85.86
ETN,0,65.34
PCLN,0,1024.03
VMW,216.33926793,78.07
WIT,0,13.12
INTU,215.169925463,89.31
CERN,300.880692261,67.81
CTSH,18.4848607672,55.39
day,72,2015-01-29
value,104532.016929
TXN,124.890218713,53.72
ITW,80.7670954503,92.13
YHOO,257.480157996,43.56
MU,8.79453607003,29.29
NXPI,50.2114394881,79.40
TWTR,0,37.39
ADBE,0,70.03
HPQ,25.5497009576,37.30
NOK,0,7.87
BIDU,0.720232386778,218.24
LNKD,0.733840618539,219.89
INFY,298.913314938,34.94
CRM,0,56.80
SNE,162.629171897,23.56
AMAT,6.90099985707,23.37
AVGO,24.7892046292,104.63
EMC,5.8790809065,28.07
ADP,1.92301414799,84.45
ETN,0,63.44
PCLN,0,1007.79
VMW,216.41797726,75.72
WIT,0,13.05
INTU,215.238728928,87.32
CERN,300.971310716,66.78
CTSH,18.5957984343,54.39
day,73,2015-01-30
value,104653.062038
TXN,124.890218713,53.98
ITW,80.7670954503,92.98
YHOO,257.480157996,43.75
MU,8.79453607003,29.40
NXPI,50.2114394881,79.71
TWTR,0,36.65
ADBE,1.73554483509e-17,71.32
HPQ,25.5497009576,37.42
NOK,0,7.72
BIDU,0.720232386778,218.99
LNKD,0.733840618539,222.15
INFY,298.913314938,34.55
CRM,0,57.50
SNE,162.629171897,23.42
AMAT,6.90099985707,23.39
AVGO,24.7892046292,105.29
EMC,5.8790809065,26.20
ADP,1.92301414799,83.96
ETN,0,63.53
PCLN,0,1011.74
VMW,216.41797726,75.46
WIT,0,12.90
INTU,215.238728928,87.96
CERN,300.971310716,66.75
CTSH,18.5957984343,55.01
day,74,2015-02-02
value,104955.57336
TXN,126.040319776,53.50
ITW,81.4347923245,93.56
YHOO,258.899185547,44.43
MU,10.9061842116,29.25
NXPI,50.990293526,79.93
TWTR,1.69392784067,37.70
ADBE,0.87047750085,70.44
HPQ,0,36.26
NOK,0,7.58
BIDU,1.00372686306,218.77
LNKD,1.01330249277,225.55
INFY,300.710202213,34.69
CRM,0,56.88
SNE,165.280002612,22.96
AMAT,0,22.92
AVGO,25.3788375987,103.25
EMC,8.2486402714,25.93
ADP,2.66244310654,81.82
ETN,0,63.62
PCLN,0,1012.00
VMW,217.240697315,76.75
WIT,0,13.07
INTU,215.944532194,87.51
CERN,301.901384953,66.91
CTSH,19.724365156,54.41
day,75,2015-02-03
value,105893.757259
TXN,126.55133195,53.71
ITW,81.7270021502,95.00
YHOO,259.514516434,45.10
MU,11.8408560509,28.57
NXPI,51.3323322011,77.65
TWTR,2.41910426774,38.00
ADBE,1.25859719563,71.54
HPQ,0,36.70
NOK,0,7.78
BIDU,0,218.06
LNKD,1.13451353822,230.72
INFY,301.498301127,34.54
CRM,0,57.66
SNE,166.470732199,23.15
AMAT,0,22.87
AVGO,25.6436235677,102.50
EMC,9.3029847103,26.75
ADP,0,84.18
ETN,0,67.89
PCLN,0,1019.69
VMW,217.596907756,79.34
WIT,0,13.09
INTU,216.256943934,88.54
CERN,302.309980848,66.81
CTSH,20.2268307193,54.72
day,76,2015-02-04
value,107065.219831
TXN,126.55133195,54.01
ITW,81.7270021502,96.00
YHOO,259.514516434,44.80
MU,11.8408560509,28.81
NXPI,51.3323322011,79.07
TWTR,2.41910426774,40.05
ADBE,1.25859719563,71.79
HPQ,0,37.61
NOK,-1.18190988861e-15,7.74
BIDU,0,216.97
LNKD,1.13451353822,232.50
INFY,301.498301127,34.86
CRM,0,58.44
SNE,166.470732199,24.88
AMAT,0,23.46
AVGO,25.6436235677,102.93
EMC,9.3029847103,26.80
ADP,0,87.14
ETN,0,69.38
PCLN,0,1036.00
VMW,217.596907756,79.78
WIT,0,13.25
INTU,216.256943934,89.97
CERN,302.309980848,67.47
CTSH,20.2268307193,57.00
day,77,2015-02-05
value,107776.107232
TXN,126.55133195,54.64
ITW,81.7270021502,96.00
YHOO,259.514516434,44.08
MU,11.8408560509,29.30
NXPI,51.3323322011,80.00
TWTR,2.41910426774,42.04
ADBE,1.25859719563,72.47
HPQ,0,37.97
NOK,0,7.76
BIDU,0,217.35
LNKD,1.13451353822,234.21
INFY,301.498301127,35.14
CRM,0,58.95
SNE,166.470732199,26.55
AMAT,0,23.63
AVGO,25.6436235677,104.74
EMC,9.3029847103,27.00
ADP,0,86.43
ETN,0,68.73
PCLN,0,1033.52
VMW,217.596907756,81.22
WIT,0,13.15
INTU,216.256943934,90.47
CERN,302.309980848,67.16
CTSH,20.2268307193,57.91
day,78,2015-02-06
value,107645.587099
TXN,127.031636226,55.29
ITW,82.0003753342,96.98
YHOO,260.109884529,43.57
MU,12.7365497593,29.54
NXPI,51.6603800218,78.93
TWTR,0,46.12
ADBE,1.62073084621,73.18
HPQ,0,37.94
NOK,0,7.82
BIDU,0,217.26
LNKD,0,237.97
INFY,302.245137372,35.69
CRM,0,59.26
SNE,167.459200208,26.61
AMAT,0,24.06
AVGO,25.8941852028,106.27
EMC,10.2749782532,27.09
ADP,0,87.15
ETN,0,69.49
PCLN,0,1027.56
VMW,217.920027993,79.60
WIT,0,13.46
INTU,216.547027118,90.66
CERN,302.700746566,67.13
CTSH,20.680013687,57.64
day,79,2015-02-09
value,106388.103393
TXN,127.031636226,54.31
ITW,82.0003753342,96.67
YHOO,260.109884529,42.61
MU,12.7365497593,28.77
NXPI,51.6603800218,82.04
TWTR,0,46.73
ADBE,1.62073084621,72.09
HPQ,0,37.83
NOK,0,7.51
BIDU,0,211.00
LNKD,-1.5807441427e-17,262.75
INFY,302.245137372,35.85
CRM,-6.34778406409e-17,58.85
SNE,167.459200208,25.69
AMAT,0,24.00
AVGO,25.8941852028,103.95
EMC,10.2749782532,27.17
ADP,-4.31634748867e-17,86.01
ETN,0,69.55
PCLN,0,1020.65
VMW,217.920027993,78.25
WIT,0,13.37
INTU,216.547027118,87.67
CERN,302.700746566,67.49
CTSH,20.680013687,57.19
day,80,2015-02-10
value,107038.202208
TXN,127.031636226,54.75
ITW,82.0003753342,97.21
YHOO,260.109884529,42.90
MU,12.7365497593,29.10
NXPI,51.6603800218,81.81
TWTR,0,47.35
ADBE,1.62073084621,72.94
HPQ,0,37.89
NOK,-7.73989254544e-32,7.75
BIDU,-2.7548148349e-33,217.78
LNKD,-1.5807441427e-17,268.97
INFY,302.245137372,36.49
CRM,-6.34778406409e-17,58.50
SNE,167.459200208,25.90
AMAT,0,23.70
AVGO,25.8941852028,103.04
EMC,10.2749782532,27.46
ADP,-4.31634748867e-17,86.19
ETN,0,70.90
PCLN,0,1040.80
VMW,217.920027993,79.36
WIT,0,13.48
INTU,216.547027118,88.50
CERN,302.700746566,66.96
CTSH,20.680013687,57.75
day,81,2015-02-11
value,107410.961946
TXN,127.151591688,55.64
ITW,82.0679358892,97.00
YHOO,260.262974542,43.18
MU,12.9622391597,31.09
NXPI,51.7406582463,82.09
TWTR,0,46.27
ADBE,0,72.78
HPQ,0,37.89
NOK,0.847427296936,7.78
BIDU,0.0301568626653,219.68
LNKD,0.024417450092,268.98
INFY,302.425119875,36.38
CRM,0.112266009423,58.82
SNE,167.712774013,25.89
AMAT,0,24.27
AVGO,25.9579231837,106.79
EMC,10.5141465544,27.15
ADP,0.0761986489297,86.71
ETN,0,70.36
PCLN,0,1064.24
VMW,218.002784565,79.25
WIT,0,13.58
INTU,216.621236853,89.37
CERN,302.798828429,66.71
CTSH,20.7937376965,58.50
day,82,2015-02-12
value,108941.412492
TXN,127.151591688,56.49
ITW,82.0679358892,97.09
YHOO,260.262974542,43.07
MU,12.9622391597,31.06
NXPI,51.7406582463,83.44
TWTR,3.43499440012e-17,47.98
ADBE,0,73.60
HPQ,0,38.44
NOK,0.847427296936,7.94
BIDU,0.0301568626653,203.80
LNKD,0.024417450092,268.94
INFY,302.425119875,36.86
CRM,0.112266009423,59.29
SNE,167.712774013,26.68
AMAT,0,23.65
AVGO,25.9579231837,108.80
EMC,10.5141465544,27.28
ADP,0.0761986489297,87.20
ETN,0,70.79
PCLN,0,1077.21
VMW,218.002784565,81.99
WIT,0,13.75
INTU,216.621236853,89.18
CERN,302.798828429,68.28
CTSH,20.7937376965,59.06
day,83,2015-02-13
value,110722.723753
TXN,127.157635992,57.60
ITW,82.071452654,97.80
YHOO,260.270902165,44.12
MU,12.9732321636,32.21
NXPI,51.7447503209,86.14
TWTR,0,47.93
ADBE,0,74.98
HPQ,0,38.29
NOK,0.890430155956,8.01
BIDU,0,207.45
LNKD,0.025687036991,266.79
INFY,302.434383107,36.88
CRM,0.118024867588,61.25
SNE,167.725571716,27.21
AMAT,0.0144373234935,24.07
AVGO,25.9610614438,110.00
EMC,10.5266627824,27.85
ADP,0.0801142762304,87.95
ETN,0,71.63
PCLN,0,1100.15
VMW,218.006949008,83.86
WIT,0,14.00
INTU,216.625065544,89.63
CERN,302.803829055,69.89
CTSH,20.7995189816,60.45
day,84,2015-02-17
value,110962.932206
TXN,127.164515183,57.67
ITW,82.0755042023,97.86
YHOO,260.279883158,44.37
MU,12.9855339773,32.31
NXPI,51.7493502909,85.00
TWTR,0,48.20
ADBE,0,76.67
HPQ,0,38.55
NOK,0,7.98
BIDU,0.00191005745674,213.74
LNKD,0.0271722554003,269.63
INFY,302.44512718,36.32
CRM,0.124494115252,62.58
SNE,167.740134061,26.38
AMAT,0.0308993683377,23.99
AVGO,25.9646636385,110.20
EMC,10.5408904815,27.90
ADP,0.0846195794641,87.76
ETN,0,72.37
PCLN,0,1115.00
VMW,218.011674043,84.22
WIT,0,14.04
INTU,216.629486401,90.06
CERN,302.809498556,71.05
CTSH,20.8060738438,60.39
day,85,2015-02-18
value,110473.663854
TXN,127.164515183,57.80
ITW,82.0755042023,97.71
YHOO,260.279883158,43.56
MU,12.9855339773,32.26
NXPI,51.7493502909,84.52
TWTR,0,48.00
ADBE,0,77.02
HPQ,0,38.58
NOK,0,8.04
BIDU,0.00191005745674,208.15
LNKD,0.0271722554003,261.30
INFY,302.44512718,36.56
CRM,0.124494115252,62.40
SNE,167.740134061,27.01
AMAT,0.0308993683377,24.10
AVGO,25.9646636385,110.32
EMC,10.5408904815,28.30
ADP,0.0846195794641,86.60
ETN,0,72.08
PCLN,0,1116.44
VMW,218.011674043,84.12
WIT,0,13.99
INTU,216.629486401,90.00
CERN,302.809498556,69.73
CTSH,20.8060738438,60.01
day,86,2015-02-19
value,110944.075465
TXN,127.172364098,57.89
ITW,82.0801471998,97.97
YHOO,260.290297926,43.65
MU,12.9995968196,32.12
NXPI,51.7547178642,85.18
TWTR,0.00945140191129,47.84
ADBE,0.00589025307377,77.42
HPQ,0,38.15
NOK,0,8.05
BIDU,0,207.40
LNKD,0.0289084486331,265.08
INFY,302.457536023,36.88
CRM,0,62.59
SNE,167.756930333,27.26
AMAT,0.0497237372897,24.01
AVGO,25.9687759236,110.00
EMC,10.5569211278,28.26
ADP,0.0898582317937,87.61
ETN,0,71.81
PCLN,0,1219.00
VMW,218.017067139,84.63
WIT,0,13.66
INTU,216.634527149,89.72
CERN,302.816004612,70.32
CTSH,20.8136337054,61.09
day,87,2015-02-20
value,112479.425456
TXN,127.172364098,58.04
ITW,82.0801471998,98.25
YHOO,260.290297926,44.30
MU,12.9995968196,31.74
NXPI,51.7547178642,85.61
TWTR,0.00945140191129,48.76
ADBE,0.00589025307377,77.76
HPQ,0,38.34
NOK,0,7.96
BIDU,0,208.23
LNKD,0.0289084486331,265.57
INFY,302.457536023,36.58
CRM,0,62.78
SNE,167.756930333,27.01
AMAT,0.0497237372897,24.92
AVGO,25.9687759236,111.43
EMC,10.5569211278,28.73
ADP,0.0898582317937,87.81
ETN,0,72.13
PCLN,0,1217.00
VMW,218.017067139,84.58
WIT,0,13.72
INTU,216.634527149,94.91
CERN,302.816004612,71.19
CTSH,20.8136337054,62.07
day,88,2015-02-23
value,113172.528874
TXN,127.172364098,58.46
ITW,82.0801471998,99.25
YHOO,260.290297926,43.99
MU,12.9995968196,31.86
NXPI,51.7547178642,84.60
TWTR,0.00945140191129,49.02
ADBE,0.00589025307377,78.65
HPQ,0,38.48
NOK,0,7.96
BIDU,-2.13098141088e-34,209.40
LNKD,0.0289084486331,267.00
INFY,302.457536023,36.37
CRM,-7.06808313455e-34,63.14
SNE,167.756930333,27.05
AMAT,0.0497237372897,25.05
AVGO,25.9687759236,113.00
EMC,10.5569211278,28.85
ADP,0.0898582317937,88.73
ETN,0,72.17
PCLN,0,1210.47
VMW,218.017067139,84.72
WIT,0,13.64
INTU,216.634527149,96.53
CERN,302.816004612,72.19
CTSH,20.8136337054,63.00
day,89,2015-02-24
value,112766.489307
TXN,127.172364098,58.09
ITW,82.0801471998,98.96
YHOO,260.290297926,43.45
MU,12.9995968196,30.14
NXPI,51.7547178642,84.66
TWTR,0.00945140191129,48.33
ADBE,0.00589025307377,78.03
HPQ,0,38.24
NOK,0,7.95
BIDU,0,206.53
LNKD,0.0289084486331,265.11
INFY,302.457536023,36.31
CRM,-7.44004477988e-34,62.58
SNE,167.756930333,27.46
AMAT,0.0497237372897,24.99
AVGO,25.9687759236,113.50
EMC,10.5569211278,28.73
ADP,0.0898582317937,89.17
ETN,0,71.59
PCLN,0,1204.10
VMW,218.017067139,82.74
WIT,0,13.66
INTU,216.634527149,96.21
CERN,302.816004612,73.12
CTSH,20.8136337054,62.12
day,90,2015-02-25
value,113377.251763
TXN,127.172364098,58.92
ITW,82.0801471998,99.27
YHOO,260.290297926,43.21
MU,12.9995968196,30.60
NXPI,51.7547178642,85.51
TWTR,0.00945140191129,48.80
ADBE,0.00589025307377,77.76
HPQ,0,35.36
NOK,0,8.01
BIDU,0,208.83
LNKD,0.0289084486331,264.39
INFY,302.457536023,37.00
CRM,-7.44004477988e-34,61.93
SNE,167.756930333,27.60
AMAT,0.0497237372897,25.24
AVGO,25.9687759236,113.29
EMC,10.5569211278,28.93
ADP,0.0898582317937,89.33
ETN,0,71.87
PCLN,0,1219.14
VMW,218.017067139,83.39
WIT,0,13.81
INTU,216.634527149,97.17
CERN,302.816004612,72.82
CTSH,20.8136337054,62.34
day,91,2015-02-26
value,114334.217562
TXN,127.172364098,59.27
ITW,82.0801471998,99.87
YHOO,260.290297926,44.60
MU,12.9995968196,30.54
NXPI,51.7547178642,84.92
TWTR,0.00945140191129,48.81
ADBE,0.00589025307377,78.32
HPQ,0,34.50
NOK,0,8.02
BIDU,0,204.75
LNKD,0.0289084486331,272.31
INFY,302.457536023,36.37
CRM,-7.44004477988e-34,70.02
SNE,167.756930333,28.03
AMAT,0.0497237372897,25.05
AVGO,25.9687759236,123.24
EMC,10.5569211278,28.83
ADP,0.0898582317937,89.19
ETN,0,71.53
PCLN,-4.36169589844e-68,1248.98
VMW,218.017067139,85.32
WIT,0,14.00
INTU,216.634527149,97.53
CERN,302.816004612,72.45
CTSH,20.8136337054,62.67
day,92,2015-02-27
value,114298.282085
TXN,127.172364098,59.49
ITW,82.0801471998,99.32
YHOO,260.290297926,44.38
MU,12.9995968196,30.97
NXPI,51.7547178642,85.34
TWTR,0.00945140191129,49.19
ADBE,0.00589025307377,79.24
HPQ,0,33.98
NOK,0,7.96
BIDU,0,205.50
LNKD,0.0289084486331,269.94
INFY,302.457536023,36.71
CRM,-7.44004477988e-34,69.85
SNE,167.756930333,28.50
AMAT,0.0497237372897,24.88
AVGO,25.9687759236,128.70
EMC,10.5569211278,28.86
ADP,0.0898582317937,88.85
ETN,0,71.19
PCLN,0,1240.75
VMW,218.017067139,84.11
WIT,0,13.86
INTU,216.634527149,97.31
CERN,302.816004612,72.43
CTSH,20.8136337054,62.91
day,93,2015-03-02
value,114536.16705
TXN,127.172364098,59.07
ITW,82.0801471998,98.90
YHOO,260.290297926,44.06
MU,12.9995968196,31.08
NXPI,51.7547178642,95.10
TWTR,0.00945140191129,48.26
ADBE,0.00589025307377,79.14
HPQ,0,34.84
NOK,0,8.01
BIDU,0,204.19
LNKD,0.0289084486331,267.45
INFY,302.457536023,36.71
CRM,-7.44004477988e-34,67.38
SNE,167.756930333,27.95
AMAT,0.0497237372897,24.94
AVGO,25.9687759236,127.21
EMC,10.5569211278,28.94
ADP,0.0898582317937,88.88
ETN,0,71.01
PCLN,0.0,1237.75
VMW,218.017067139,84.42
WIT,0,13.77
INTU,216.634527149,97.56
CERN,302.816004612,72.16
CTSH,20.8136337054,62.56
day,94,2015-03-03
value,115265.005385
TXN,127.172364098,59.80
ITW,82.0801471998,99.20
YHOO,260.290297926,43.70
MU,12.9995968196,30.38
NXPI,51.7547178642,99.95
TWTR,0.00945140191129,48.13
ADBE,0.00589025307377,79.63
HPQ,0.0,34.92
NOK,0,8.09
BIDU,0,204.50
LNKD,0.0289084486331,268.67
INFY,302.457536023,36.87
CRM,-7.44004477988e-34,68.06
SNE,167.756930333,27.96
AMAT,0.0497237372897,25.46
AVGO,25.9687759236,128.24
EMC,10.5569211278,28.85
ADP,0.0898582317937,89.55
ETN,0,70.47
PCLN,0,1245.00
VMW,218.017067139,86.17
WIT,0,13.83
INTU,216.634527149,98.33
CERN,302.816004612,71.59
CTSH,20.8136337054,63.11
day,95,2015-03-04
value,114067.894285
TXN,127.172364098,58.52
ITW,82.0801471998,99.28
YHOO,260.290297926,42.08
MU,12.9995968196,29.72
NXPI,51.7547178642,98.05
TWTR,0.00945140191129,47.51
ADBE,0.00589025307377,78.71
HPQ,0.0,34.44
NOK,0,8.00
BIDU,0,205.20
LNKD,0.0289084486331,264.95
INFY,302.457536023,36.47
CRM,-7.44004477988e-34,66.38
SNE,167.756930333,27.81
AMAT,0.0497237372897,24.44
AVGO,25.9687759236,127.69
EMC,10.5569211278,28.25
ADP,0.0898582317937,88.25
ETN,0,70.23
PCLN,0,1233.50
VMW,218.017067139,85.85
WIT,0,13.72
INTU,216.634527149,97.41
CERN,302.816004612,71.37
CTSH,20.8136337054,62.65
day,96,2015-03-05
value,114762.185393
TXN,127.172364098,58.30
ITW,82.0801471998,98.14
YHOO,260.290297926,44.18
MU,12.9995968196,29.45
NXPI,51.7547178642,100.00
TWTR,0.00945140191129,47.59
ADBE,0.00589025307377,77.60
HPQ,0.0,34.28
NOK,0,8.05
BIDU,0,207.75
LNKD,0.0289084486331,265.25
INFY,302.457536023,36.00
CRM,-7.44004477988e-34,65.12
SNE,167.756930333,27.98
AMAT,0.0497237372897,24.29
AVGO,25.9687759236,129.36
EMC,10.5569211278,28.23
ADP,0.0898582317937,86.59
ETN,0,69.30
PCLN,0.0,1225.30
VMW,218.017067139,86.03
WIT,0,13.74
INTU,216.634527149,97.58
CERN,302.816004612,71.96
CTSH,20.8136337054,62.06
day,97,2015-03-06
value,114602.263054
TXN,127.172364098,58.20
ITW,82.0801471998,98.17
YHOO,260.290297926,43.98
MU,12.9995968196,29.22
NXPI,51.7547178642,98.80
TWTR,0.00945140191129,47.26
ADBE,0.00589025307377,78.19
HPQ,0.0,33.80
NOK,0,7.95
BIDU,0,215.10
LNKD,0.0289084486331,268.03
INFY,302.457536023,35.37
CRM,-7.44004477988e-34,65.18
SNE,167.756930333,27.74
AMAT,0.0497237372897,24.11
AVGO,25.9687759236,130.00
EMC,10.5569211278,27.89
ADP,0.0898582317937,86.33
ETN,0,68.68
PCLN,0,1221.71
VMW,218.017067139,86.42
WIT,0,13.59
INTU,216.634527149,97.64
CERN,302.816004612,72.25
CTSH,20.8136337054,62.03
day,98,2015-03-09
value,113260.809469
TXN,127.172364098,57.76
ITW,82.0801471998,97.72
YHOO,260.290297926,43.60
MU,12.9995968196,28.54
NXPI,51.7547178642,97.94
TWTR,0.00945140191129,47.22
ADBE,0.00589025307377,77.76
HPQ,0.0,33.03
NOK,0,7.85
BIDU,0,212.00
LNKD,0.0289084486331,264.45
INFY,302.457536023,34.75
CRM,-7.44004477988e-34,64.75
SNE,167.756930333,27.15
AMAT,0.0497237372897,23.80
AVGO,25.9687759236,127.79
EMC,10.5569211278,27.62
ADP,0.0898582317937,86.40
ETN,0,68.23
PCLN,0,1215.19
VMW,218.017067139,85.92
WIT,0,13.54
INTU,216.634527149,97.66
CERN,302.816004612,70.14
CTSH,20.8136337054,61.75
day,99,2015-03-10
value,112147.779737
TXN,127.172364098,57.85
ITW,82.0801471998,97.75
YHOO,260.290297926,42.57
MU,12.9995968196,28.10
NXPI,51.7547178642,98.23
TWTR,0.00945140191129,47.23
ADBE,0.00589025307377,77.25
HPQ,0.0,33.21
NOK,0,7.74
BIDU,0,209.88
LNKD,0.0289084486331,264.85
INFY,302.457536023,34.73
CRM,-7.44004477988e-34,64.78
SNE,167.756930333,26.64
AMAT,0.0497237372897,23.94
AVGO,25.9687759236,125.72
EMC,10.5569211278,27.62
ADP,0.0898582317937,86.06
ETN,0,67.77
PCLN,0,1202.00
VMW,218.017067139,84.63
WIT,0,13.26
INTU,216.634527149,96.66
CERN,302.816004612,69.44
CTSH,20.8136337054,61.13
day,100,2015-03-11
value,111441.015448
TXN,127.172364098,57.43
ITW,82.0801471998,96.83
YHOO,260.290297926,42.77
MU,12.9995968196,27.93
NXPI,51.7547178642,98.07
TWTR,0.00945140191129,45.66
ADBE,0.00589025307377,75.91
HPQ,0.0,32.98
NOK,0,7.65
BIDU,0,210.17
LNKD,0.0289084486331,265.14
INFY,302.457536023,34.63
CRM,-7.44004477988e-34,64.00
SNE,167.756930333,26.80
AMAT,0.0497237372897,23.64
AVGO,25.9687759236,125.30
EMC,10.5569211278,26.52
ADP,0.0898582317937,84.99
ETN,0,67.32
PCLN,0,1192.54
VMW,218.017067139,83.04
WIT,0,13.30
INTU,216.634527149,95.44
CERN,302.816004612,69.54
CTSH,20.8136337054,60.52
day,101,2015-03-12
value,110897.623815
TXN,127.172364098,56.50
ITW,82.0801471998,96.52
YHOO,260.290297926,42.70
MU,12.9995968196,27.11
NXPI,51.7547178642,96.60
TWTR,0.00945140191129,46.57
ADBE,0.00589025307377,76.14
HPQ,0.0,31.63
NOK,0,7.69
BIDU,0,205.70
LNKD,0.0289084486331,265.70
INFY,302.457536023,34.89
CRM,-7.44004477988e-34,63.66
SNE,167.756930333,27.02
AMAT,0.0497237372897,23.34
AVGO,25.9687759236,122.88
EMC,10.5569211278,25.49
ADP,0.0898582317937,85.41
ETN,0,66.86
PCLN,0,1186.93
VMW,218.017067139,80.74
WIT,0,13.21
INTU,216.634527149,95.40
CERN,302.816004612,70.08
CTSH,20.8136337054,61.00
day,102,2015-03-13
value,111887.924339
TXN,127.172364098,57.39
ITW,82.0801471998,97.92
YHOO,260.290297926,42.84
MU,12.9995968196,27.97
NXPI,51.7547178642,99.80
TWTR,0.00945140191129,46.94
ADBE,0.00589025307377,77.18
HPQ,0.0,32.59
NOK,0,7.67
BIDU,0,203.40
LNKD,0.0289084486331,263.63
INFY,302.457536023,35.16
CRM,-7.44004477988e-34,64.81
SNE,167.756930333,26.63
AMAT,0.0497237372897,23.98
AVGO,25.9687759236,125.71
EMC,10.5569211278,26.07
ADP,0.0898582317937,86.09
ETN,0,67.00
PCLN,0,1186.15
VMW,218.017067139,81.04
WIT,0,13.22
INTU,216.634527149,96.34
CERN,302.816004612,70.63
CTSH,20.8136337054,61.84
day,103,2015-03-16
value,112753.618079
TXN,127.172364098,57.49
ITW,82.0801471998,98.04
YHOO,260.290297926,42.93
MU,12.9995968196,28.97
NXPI,51.7547178642,105.00
TWTR,0.00945140191129,46.90
ADBE,0.00589025307377,78.21
HPQ,0.0,32.40
NOK,0,7.68
BIDU,0,205.12
LNKD,0.0289084486331,259.80
INFY,302.457536023,35.76
CRM,-7.44004477988e-34,64.95
SNE,167.756930333,25.73
AMAT,0.0497237372897,24.34
AVGO,25.9687759236,126.87
EMC,10.5569211278,26.07
ADP,0.0898582317937,86.52
ETN,0,68.12
PCLN,0.0,1163.12
VMW,218.017067139,81.15
WIT,0,12.96
INTU,216.634527149,98.10
CERN,302.816004612,70.88
CTSH,20.8136337054,61.65
day,104,2015-03-17
value,113565.353594
TXN,127.172364098,58.19
ITW,82.0801471998,98.64
YHOO,260.290297926,43.54
MU,12.9995968196,27.73
NXPI,51.7547178642,103.20
TWTR,0.00945140191129,46.66
ADBE,0.00589025307377,78.22
HPQ,0.0,32.28
NOK,0,7.70
BIDU,0,204.56
LNKD,0.0289084486331,254.99
INFY,302.457536023,35.70
CRM,-7.44004477988e-34,65.96
SNE,167.756930333,27.15
AMAT,0.0497237372897,24.40
AVGO,25.9687759236,128.81
EMC,10.5569211278,26.07
ADP,0.0898582317937,86.91
ETN,0,67.49
PCLN,0,1152.31
VMW,218.017067139,81.38
WIT,0,13.40
INTU,216.634527149,98.75
CERN,302.816004612,71.40
CTSH,20.8136337054,61.90
day,105,2015-03-18
value,113550.699502
TXN,127.172364098,58.17
ITW,82.0801471998,98.36
YHOO,260.290297926,43.58
MU,12.9995968196,28.01
NXPI,51.7547178642,103.46
TWTR,0.00945140191129,46.75
ADBE,0.00589025307377,75.50
HPQ,0.0,32.36
NOK,0,7.66
BIDU,0,202.54
LNKD,0.0289084486331,258.52
INFY,302.457536023,35.40
CRM,-7.44004477988e-34,67.04
SNE,167.756930333,27.95
AMAT,0.0497237372897,24.07
AVGO,25.9687759236,128.66
EMC,10.5569211278,25.90
ADP,0.0898582317937,86.63
ETN,0,67.35
PCLN,0,1153.00
VMW,218.017067139,81.70
WIT,0,13.31
INTU,216.634527149,98.65
CERN,302.816004612,71.04
CTSH,20.8136337054,62.21
day,106,2015-03-19
value,115343.773421
TXN,127.172364098,58.35
ITW,82.0801471998,99.36
YHOO,260.290297926,44.90
MU,12.9995968196,28.10
NXPI,51.7547178642,105.46
TWTR,0.00945140191129,46.96
ADBE,0.00589025307377,76.48
HPQ,0.0,32.94
NOK,0,7.76
BIDU,0,210.77
LNKD,0.0289084486331,259.90
INFY,302.457536023,35.92
CRM,-7.44004477988e-34,68.30
SNE,167.756930333,28.00
AMAT,0.0497237372897,24.37
AVGO,25.9687759236,130.50
EMC,10.5569211278,26.43
ADP,0.0898582317937,87.38
ETN,0,68.10
PCLN,0,1176.24
VMW,218.017067139,82.93
WIT,0,13.53
INTU,216.634527149,99.81
CERN,302.816004612,72.59
CTSH,20.8136337054,63.74
day,107,2015-03-20
value,116461.122311
TXN,127.172364098,58.90
ITW,82.0801471998,99.69
YHOO,260.290297926,45.37
MU,12.9995968196,28.32
NXPI,51.7547178642,106.83
TWTR,0.00945140191129,48.36
ADBE,0.00589025307377,77.67
HPQ,0.0,32.86
NOK,0,7.84
BIDU,0,217.03
LNKD,0.0289084486331,262.50
INFY,302.457536023,36.36
CRM,-7.44004477988e-34,69.19
SNE,167.756930333,27.95
AMAT,0.0497237372897,24.24
AVGO,25.9687759236,133.43
EMC,10.5569211278,26.22
ADP,0.0898582317937,87.80
ETN,0,68.03
PCLN,0,1190.38
VMW,218.017067139,82.47
WIT,0,13.64
INTU,216.634527149,100.42
CERN,302.816004612,74.49
CTSH,20.8136337054,64.62
100000.0,116150.948966,2675
