group,small
day,1,2014-10-16
value,100000.0
CALX,0,8.86
CIR,0,61.09
SPSC,0,54.79
GTN,0,7.86
JOBS,0,29.99
ITG,0,15.46
WIX,0,16.71
IRBT,0,32.42
BBOX,0,22.12
CHGG,0,6.33
TBI,0,24.94
HTGC,0,13.39
NSP,0,27.53
SIGM,0,3.77
IPGP,0,61.85
COUP,0,13.42
SSNI,0,8.67
TTMI,0,5.98
RENN,0,3.12
TISI,0,37.92
TWOU,0,16.66
VDSI,0,17.20
LRN,0,13.85
SYKE,0,19.60
SOHU,0,44.08
day,2,2014-10-17
value,103406.04144
CALX,0,9.00
CIR,0,64.25
SPSC,0,57.13
GTN,0,8.64
JOBS,0,30.03
ITG,0,16.65
WIX,0,17.95
IRBT,440.645104433,32.63
BBOX,0,22.70
CHGG,2256.82690138,6.46
TBI,0,26.03
HTGC,1066.89427078,14.40
NSP,0,28.36
SIGM,0,3.92
IPGP,0,66.80
COUP,0,14.42
SSNI,1647.71791069,9.21
TTMI,0,6.11
RENN,4578.75457875,3.20
TISI,0,39.06
TWOU,0,18.00
VDSI,830.564784053,17.50
LRN,0,14.84
SYKE,728.862973761,20.20
SOHU,0,45.27
day,3,2014-10-20
value,101934.657635
CALX,0,8.76
CIR,0,63.51
SPSC,0,55.28
GTN,0,8.57
JOBS,0,29.97
ITG,0,16.22
WIX,0,17.02
IRBT,440.645104433,31.69
BBOX,0,21.60
CHGG,2256.82690138,6.01
TBI,0,25.67
HTGC,1066.89427078,14.62
NSP,0,28.00
SIGM,0,3.75
IPGP,0,64.64
COUP,0,14.22
SSNI,1647.71791069,8.83
TTMI,0,5.95
RENN,4578.75457875,3.18
TISI,0,38.52
TWOU,0,17.78
VDSI,830.564784053,18.40
LRN,0,14.72
SYKE,728.862973761,19.78
SOHU,0,43.82
day,4,2014-10-21
value,103432.753283
CALX,0,8.95
CIR,0,64.90
SPSC,4.38382905362e-30,56.55
GTN,0,8.60
JOBS,0,29.97
ITG,0,16.36
WIX,0,17.30
IRBT,440.645104433,30.77
BBOX,0,22.68
CHGG,2256.82690138,6.15
TBI,0,26.29
HTGC,1066.89427078,14.68
NSP,0,28.19
SIGM,0,3.75
IPGP,0,65.93
COUP,1.70420583744e-29,14.60
SSNI,1647.71791069,9.05
TTMI,0,6.09
RENN,4578.75457875,3.38
TISI,0,38.78
TWOU,1.36298127156e-29,17.86
VDSI,830.564784053,18.16
LRN,0,15.08
SYKE,728.862973761,20.39
SOHU,0,43.78
day,5,2014-10-22
value,106516.715954
CALX,0,8.80
CIR,0,66.21
SPSC,4.38382905362e-30,56.12
GTN,0,8.80
JOBS,0,30.02
ITG,0,16.90
WIX,0,17.35
IRBT,440.645104433,34.50
BBOX,0,22.13
CHGG,2256.82690138,6.00
TBI,0,26.83
HTGC,1066.89427078,15.00
NSP,0,28.37
SIGM,0,3.94
IPGP,0,67.39
COUP,1.70420583744e-29,14.44
SSNI,1647.71791069,9.22
TTMI,0,6.00
RENN,4578.75457875,3.30
TISI,6.30712422407e-46,39.93
TWOU,1.36298127156e-29,17.97
VDSI,830.564784053,19.74
LRN,0,15.04
SYKE,728.862973761,20.68
SOHU,0,43.82
day,6,2014-10-23
value,106053.395287
CALX,0,8.65
CIR,0,65.11
SPSC,4.38382905362e-30,56.69
GTN,0,8.57
JOBS,0,30.50
ITG,3.62560744454e-61,17.06
WIX,0,16.83
IRBT,440.645104433,35.63
BBOX,0,22.32
CHGG,2256.82690138,5.96
TBI,2.28374080555e-61,25.99
HTGC,1066.89427078,15.30
NSP,0,29.18
SIGM,0,3.89
IPGP,0,66.35
COUP,1.70420583744e-29,13.51
SSNI,1647.71791069,9.02
TTMI,0,5.90
RENN,4578.75457875,3.26
TISI,6.30712422407e-46,39.64
TWOU,1.36298127156e-29,18.05
VDSI,830.564784053,19.09
LRN,0,14.98
SYKE,728.862973761,20.49
SOHU,0,43.39
day,7,2014-10-24
value,106261.570469
CALX,0,8.82
CIR,0,66.14
SPSC,4.38382905362e-30,56.06
GTN,0,8.67
JOBS,0,30.06
ITG,3.62560744454e-61,17.42
WIX,0,16.44
IRBT,440.645104433,35.41
BBOX,0,22.84
CHGG,2256.82690138,5.84
TBI,2.28374080555e-61,23.85
HTGC,1066.89427078,15.16
NSP,0,29.47
SIGM,0,3.94
IPGP,0,66.82
COUP,1.70420583744e-29,13.57
SSNI,1647.71791069,9.06
TTMI,0,5.99
RENN,4578.75457875,3.35
TISI,6.30712422407e-46,40.15
TWOU,1.36298127156e-29,18.00
VDSI,830.564784053,19.30
LRN,0,14.89
SYKE,728.862973761,20.59
SOHU,0,43.66
day,8,2014-10-27
value,106283.983107
CALX,0,8.75
CIR,0,65.20
SPSC,0,55.40
GTN,0,8.57
JOBS,0,30.06
ITG,1.28252508478e-30,17.67
WIX,0,16.30
IRBT,440.645104433,34.06
BBOX,0,22.33
CHGG,2256.82690138,6.14
TBI,0,23.93
HTGC,1066.89427078,15.35
NSP,0,29.39
SIGM,0,3.92
IPGP,0,66.74
COUP,1.86884538775e-29,13.12
SSNI,1647.71791069,8.97
TTMI,0,5.94
RENN,4578.75457875,3.38
TISI,5.56452975763e-31,39.83
TWOU,1.48710119921e-29,17.74
VDSI,830.564784053,19.12
LRN,0,14.93
SYKE,728.862973761,20.45
SOHU,0,43.64
day,9,2014-10-28
value,107917.82858
CALX,0,8.62
CIR,0,66.09
SPSC,0,56.25
GTN,0,8.63
JOBS,0,30.24
ITG,1.28252508478e-30,17.75
WIX,0,16.54
IRBT,440.645104433,33.94
BBOX,0,23.35
CHGG,2256.82690138,6.11
TBI,0,24.26
HTGC,1066.89427078,15.42
NSP,0,29.32
SIGM,0,3.87
IPGP,0,68.20
COUP,1.86884538775e-29,13.38
SSNI,1647.71791069,8.98
TTMI,0,5.74
RENN,4578.75457875,3.35
TISI,5.56452975763e-31,40.12
TWOU,1.48710119921e-29,17.84
VDSI,830.564784053,21.13
LRN,0,14.91
SYKE,728.862973761,20.63
SOHU,0,43.38
day,10,2014-10-29
value,112183.008162
CALX,0,8.78
CIR,0,68.73
SPSC,0,56.53
GTN,0,8.87
JOBS,0,30.33
ITG,1.28252508478e-30,18.10
WIX,0,16.56
IRBT,440.645104433,34.39
BBOX,0,22.94
CHGG,2256.82690138,6.27
TBI,0,24.69
HTGC,1066.89427078,15.58
NSP,0,30.50
SIGM,0,3.99
IPGP,0,70.10
COUP,1.86884538775e-29,13.66
SSNI,1647.71791069,9.40
TTMI,0,5.93
RENN,4578.75457875,3.34
TISI,5.56452975763e-31,41.34
TWOU,1.48710119921e-29,17.89
VDSI,830.564784053,23.95
LRN,0,15.29
SYKE,728.862973761,21.38
SOHU,0,44.40
day,11,2014-10-30
value,112595.531532
CALX,0,9.46
CIR,0,68.47
SPSC,0,55.68
GTN,0,8.77
JOBS,0,30.47
ITG,1.28252508478e-30,18.17
WIX,0,16.73
IRBT,440.645104433,34.50
BBOX,0,21.27
CHGG,2256.82690138,6.09
TBI,0,24.54
HTGC,1066.89427078,15.64
NSP,0,30.00
SIGM,0,3.91
IPGP,2.62822057787e-78,69.94
COUP,1.86884538775e-29,13.17
SSNI,1647.71791069,9.27
TTMI,0,5.76
RENN,4578.75457875,3.45
TISI,5.56452975763e-31,41.03
TWOU,1.48710119921e-29,17.92
VDSI,830.564784053,24.68
LRN,0,15.13
SYKE,728.862973761,21.12
SOHU,0,43.51
day,12,2014-10-31
value,114642.024585
CALX,0,10.88
CIR,0,71.56
SPSC,0,57.94
GTN,0,9.38
JOBS,0,31.00
ITG,77.0179917238,18.31
WIX,0,16.96
IRBT,481.207913407,35.71
BBOX,0,22.71
CHGG,2486.6162133,6.44
TBI,0,25.05
HTGC,1156.37105528,15.65
NSP,0,31.51
SIGM,0,4.03
IPGP,20.0088205551,72.56
COUP,106.257927838,13.60
SSNI,1798.67982112,9.62
TTMI,0,6.78
RENN,4984.3826685,3.39
TISI,34.1071632859,42.04
TWOU,78.0924614744,18.06
VDSI,887.267252028,24.79
LRN,0,13.10
SYKE,0,21.82
SOHU,0,46.50
day,13,2014-11-03
value,116123.353179
CALX,-3.13474736365e-14,10.81
CIR,0,75.25
SPSC,0,58.21
GTN,0,9.28
JOBS,0,30.58
ITG,77.0179917238,18.44
WIX,0,17.00
IRBT,481.207913407,35.75
BBOX,0,22.12
CHGG,2486.6162133,6.69
TBI,0,24.69
HTGC,1156.37105528,15.80
NSP,0,32.01
SIGM,0,3.98
IPGP,20.0088205551,73.40
COUP,106.257927838,13.77
SSNI,1798.67982112,9.57
TTMI,0,6.95
RENN,4984.3826685,3.44
TISI,34.1071632859,42.09
TWOU,78.0924614744,18.17
VDSI,887.267252028,25.30
LRN,0,12.40
SYKE,0,21.57
SOHU,0,46.78
day,14,2014-11-04
value,113288.615228
CALX,186.007408286,10.83
CIR,26.7207984528,74.12
SPSC,0,59.94
GTN,0,9.23
JOBS,0,31.12
ITG,186.060295605,18.35
WIX,0,17.01
IRBT,0,36.28
BBOX,0,22.30
CHGG,2787.17526914,6.35
TBI,0,24.48
HTGC,1283.63308589,15.76
NSP,0,31.36
SIGM,0,4.02
IPGP,0,74.22
COUP,252.281172832,13.10
SSNI,2008.78850279,9.27
TTMI,0,7.00
RENN,5568.90013466,3.26
TISI,0,41.24
TWOU,188.755096784,17.56
VDSI,966.74314466,25.40
LRN,0,12.26
SYKE,0,22.81
SOHU,0,50.02
day,15,2014-11-05
value,115773.474374
CALX,217.532860035,11.04
CIR,31.3271212056,73.00
SPSC,5.69604008068,60.93
GTN,0,9.24
JOBS,0,31.96
ITG,0,19.52
WIX,0,17.56
IRBT,0,35.30
BBOX,0,22.99
CHGG,2840.94229945,6.34
TBI,0,24.75
HTGC,1305.29683223,15.88
NSP,0,32.98
SIGM,0,4.23
IPGP,0,74.03
COUP,278.343817293,14.93
SSNI,2045.61920855,9.29
TTMI,0,7.03
RENN,5673.63039307,3.27
TISI,0,42.45
TWOU,208.198185761,18.40
VDSI,980.184902236,26.99
LRN,0,12.29
SYKE,0,23.57
SOHU,0,49.71
day,16,2014-11-06
value,115341.345625
CALX,217.532860035,11.01
CIR,31.3271212056,72.34
SPSC,5.69604008068,60.34
GTN,0,9.46
JOBS,0,32.29
ITG,0,19.51
WIX,0,17.62
IRBT,0,34.49
BBOX,0,23.30
CHGG,2840.94229945,6.60
TBI,0,24.45
HTGC,1305.29683223,15.90
NSP,-1.25350722445e-15,32.99
SIGM,0,4.21
IPGP,0,73.41
COUP,278.343817293,16.11
SSNI,2045.61920855,9.20
TTMI,0,6.93
RENN,5673.63039307,3.18
TISI,0,42.44
TWOU,208.198185761,17.90
VDSI,980.184902236,26.28
LRN,0,11.62
SYKE,0,24.04
SOHU,0,49.64
day,17,2014-11-07
value,112145.078861
CALX,238.11600216,11.41
CIR,0,73.00
SPSC,9.45176422389,60.97
GTN,0,9.87
JOBS,0,33.00
ITG,0,19.47
WIX,0,17.10
IRBT,0,34.70
BBOX,0,22.83
CHGG,2875.2787229,6.75
TBI,0,24.56
HTGC,1319.54968725,15.80
NSP,6.86936631711,33.41
SIGM,0,4.11
IPGP,0,73.74
COUP,292.410880906,15.20
SSNI,2070.25186016,7.59
TTMI,0,6.91
RENN,5744.89466817,3.13
TISI,0,42.34
TWOU,220.858543012,17.90
VDSI,988.80820493,26.57
LRN,0,12.17
SYKE,0,23.99
SOHU,0,48.95
day,18,2014-11-10
value,113592.946618
CALX,0,11.35
CIR,0,73.98
SPSC,0,62.35
GTN,0,9.75
JOBS,0,34.41
ITG,0,19.79
WIX,0,16.90
IRBT,0,35.00
BBOX,0,23.72
CHGG,2936.26349419,6.71
TBI,0,25.00
HTGC,1345.6033079,16.16
NSP,19.1904440236,33.92
SIGM,0,4.10
IPGP,0,72.55
COUP,319.492933943,15.50
SSNI,2124.48732869,7.78
TTMI,0,6.91
RENN,5876.41134745,3.15
TISI,0,42.86
TWOU,243.855593637,17.95
VDSI,1004.30113704,27.01
LRN,0,12.70
SYKE,0,24.08
SOHU,0,50.60
day,19,2014-11-11
value,115601.079148
CALX,0,11.42
CIR,0,74.32
SPSC,0,62.95
GTN,0,9.37
JOBS,0,34.51
ITG,4.11154535927,19.75
WIX,0,17.41
IRBT,0,34.32
BBOX,0,23.18
CHGG,2948.38979563,6.92
TBI,0,24.97
HTGC,1350.6384244,16.14
NSP,0,33.72
SIGM,0,4.21
IPGP,0,73.50
COUP,324.742448954,16.25
SSNI,2134.94587402,7.57
TTMI,0,6.80
RENN,5902.24229433,3.23
TISI,0,43.00
TWOU,248.388601027,17.83
VDSI,1007.31363177,28.18
LRN,0,12.59
SYKE,0,24.54
SOHU,0,51.26
day,20,2014-11-12
value,114393.548242
CALX,0,11.21
CIR,7.88940437074,73.65
SPSC,9.31438495366,63.61
GTN,0,9.37
JOBS,0,34.49
ITG,33.799673604,19.69
WIX,0,17.69
IRBT,0,34.25
BBOX,0,23.20
CHGG,3033.1210865,6.96
TBI,0,24.75
HTGC,1386.96683411,16.07
NSP,0,33.57
SIGM,0,4.08
IPGP,0,72.53
COUP,0,16.11
SSNI,2212.40169078,7.63
TTMI,0,6.81
RENN,6083.77187106,3.18
TISI,0,43.02
TWOU,281.27365615,17.61
VDSI,1028.12060597,27.21
LRN,0,12.88
SYKE,0,24.25
SOHU,0,50.69
day,21,2014-11-13
value,114087.402583
CALX,0,11.09
CIR,7.88940437074,75.19
SPSC,9.31438495366,63.00
GTN,0,9.78
JOBS,0,35.60
ITG,33.799673604,19.59
WIX,0,19.00
IRBT,0,34.46
BBOX,0,23.92
CHGG,3033.1210865,6.96
TBI,0,25.20
HTGC,1386.96683411,15.66
NSP,0,33.60
SIGM,0,4.17
IPGP,0,72.79
COUP,0,16.18
SSNI,2212.40169078,7.90
TTMI,0,6.93
RENN,6083.77187106,3.22
TISI,0,44.13
TWOU,281.27365615,17.70
VDSI,1028.12060597,26.62
LRN,0,12.85
SYKE,0,24.32
SOHU,0,51.51
day,22,2014-11-14
value,113992.368967
CALX,0,10.78
CIR,7.88940437074,73.57
SPSC,9.31438495366,62.60
GTN,0,9.80
JOBS,0,35.16
ITG,33.799673604,19.39
WIX,0,20.42
IRBT,0,34.20
BBOX,0,23.25
CHGG,3033.1210865,6.90
TBI,0,24.95
HTGC,1386.96683411,15.55
NSP,0,33.26
SIGM,0,4.11
IPGP,0,72.24
COUP,0,15.95
SSNI,2212.40169078,7.88
TTMI,0,6.61
RENN,6083.77187106,3.16
TISI,0,43.19
TWOU,281.27365615,17.75
VDSI,1028.12060597,27.26
LRN,0,12.32
SYKE,0,24.12
SOHU,0,49.85
day,23,2014-11-17
value,113753.094252
CALX,0,10.94
CIR,7.88940437074,73.46
SPSC,9.31438495366,61.90
GTN,0,10.09
JOBS,0,35.46
ITG,33.799673604,19.45
WIX,0,20.20
IRBT,0,34.96
BBOX,0,22.78
CHGG,3033.1210865,6.90
TBI,0,24.91
HTGC,1386.96683411,15.58
NSP,0,32.87
SIGM,0,4.28
IPGP,0,71.32
COUP,0,16.31
SSNI,2212.40169078,8.01
TTMI,0,6.79
RENN,6083.77187106,3.16
TISI,0,42.77
TWOU,281.27365615,17.21
VDSI,1028.12060597,26.86
LRN,0,13.09
SYKE,0,23.87
SOHU,0,50.85
day,24,2014-11-18
value,111676.40012
CALX,0,10.71
CIR,7.88940437074,72.96
SPSC,9.31438495366,60.04
GTN,0,10.10
JOBS,0,36.19
ITG,33.799673604,19.58
WIX,0,19.59
IRBT,0,35.24
BBOX,0,22.38
CHGG,3033.1210865,6.58
TBI,0,24.53
HTGC,1386.96683411,15.60
NSP,0,32.70
SIGM,0,4.20
IPGP,0,70.71
COUP,0,16.11
SSNI,2212.40169078,7.61
TTMI,0,6.75
RENN,6083.77187106,3.12
TISI,0,42.20
TWOU,281.27365615,16.30
VDSI,1028.12060597,27.12
LRN,0,12.77
SYKE,0,23.09
SOHU,0,49.22
day,25,2014-11-19
value,110407.720816
CALX,0,10.70
CIR,7.88940437074,72.60
SPSC,9.31438495366,58.64
GTN,0,10.01
JOBS,0,35.86
ITG,33.799673604,19.74
WIX,0,19.70
IRBT,0,35.40
BBOX,0,22.42
CHGG,3033.1210865,6.64
TBI,0,24.20
HTGC,1386.96683411,15.65
NSP,0,33.01
SIGM,0,4.24
IPGP,0,70.81
COUP,0,16.06
SSNI,2212.40169078,7.50
TTMI,0,6.74
RENN,6083.77187106,2.94
TISI,0,42.08
TWOU,281.27365615,17.30
VDSI,1028.12060597,26.68
LRN,0,12.38
SYKE,0,23.20
SOHU,0,48.57
day,26,2014-11-20
value,108365.783746
CALX,0,10.57
CIR,7.88940437074,70.16
SPSC,9.31438495366,57.67
GTN,0,9.75
JOBS,0,35.10
ITG,33.799673604,19.75
WIX,0,19.94
IRBT,0,34.59
BBOX,0,21.98
CHGG,3033.1210865,6.40
TBI,0,23.30
HTGC,1386.96683411,15.60
NSP,0,32.40
SIGM,0,4.15
IPGP,0,71.11
COUP,0,15.64
SSNI,2212.40169078,7.35
TTMI,0,6.67
RENN,6083.77187106,2.87
TISI,0,41.14
TWOU,281.27365615,17.24
VDSI,1028.12060597,26.25
LRN,0,12.10
SYKE,0,22.84
SOHU,0,47.51
day,27,2014-11-21
value,111347.812179
CALX,0,11.17
CIR,7.88940437074,72.71
SPSC,9.31438495366,59.58
GTN,0,10.05
JOBS,0,35.71
ITG,33.799673604,20.13
WIX,0,20.63
IRBT,0,35.31
BBOX,0,23.29
CHGG,3033.1210865,6.70
TBI,0,23.53
HTGC,1386.96683411,15.49
NSP,0,33.10
SIGM,0,4.49
IPGP,0,73.31
COUP,0,16.12
SSNI,2212.40169078,7.81
TTMI,0,6.95
RENN,6083.77187106,2.81
TISI,0,41.30
TWOU,281.27365615,17.86
VDSI,1028.12060597,27.56
LRN,0,12.45
SYKE,0,23.28
SOHU,0,48.80
day,28,2014-11-24
value,108897.60017
CALX,0,10.51
CIR,8.84345308401,70.83
SPSC,0,58.00
GTN,0,10.19
JOBS,0,35.35
ITG,37.2457184099,19.62
WIX,0,21.45
IRBT,0,34.80
BBOX,0,22.50
CHGG,3043.47465097,6.77
TBI,0,23.00
HTGC,1391.44513508,15.56
NSP,0,33.06
SIGM,0,4.66
IPGP,0,73.53
COUP,0,15.82
SSNI,2221.28374992,7.31
TTMI,0,6.77
RENN,6108.45830591,2.65
TISI,0,40.89
TWOU,285.157692093,17.65
VDSI,1030.6376191,27.00
LRN,0,12.38
SYKE,0,23.06
SOHU,0,49.40
day,29,2014-11-25
value,110282.879135
CALX,0,10.49
CIR,8.84345308401,71.59
SPSC,0,59.35
GTN,0,10.64
JOBS,0,36.59
ITG,37.2457184099,19.82
WIX,0,21.61
IRBT,0,35.15
BBOX,0,22.97
CHGG,3043.47465097,6.80
TBI,0,23.12
HTGC,1391.44513508,15.51
NSP,0,33.35
SIGM,0,4.54
IPGP,0,72.61
COUP,0,15.99
SSNI,2221.28374992,7.18
TTMI,0,6.90
RENN,6108.45830591,2.69
TISI,0,41.37
TWOU,285.157692093,18.02
VDSI,1030.6376191,28.25
LRN,0,12.26
SYKE,0,23.42
SOHU,0,49.50
day,30,2014-11-26
value,111308.394428
CALX,0,10.81
CIR,8.84345308401,70.82
SPSC,0,59.42
GTN,0.0,10.55
JOBS,0,36.08
ITG,37.2457184099,20.05
WIX,0,22.00
IRBT,0,36.35
BBOX,0,22.96
CHGG,3043.47465097,6.76
TBI,0,22.91
HTGC,1391.44513508,15.64
NSP,0,33.36
SIGM,0,4.45
IPGP,0,72.65
COUP,0,15.81
SSNI,2221.28374992,6.97
TTMI,0,6.84
RENN,6108.45830591,2.71
TISI,0,41.44
TWOU,285.157692093,18.02
VDSI,1030.6376191,29.52
LRN,0,12.12
SYKE,0,23.36
SOHU,0,49.39
day,31,2014-11-28
value,113740.132447
CALX,0,10.69
CIR,0,69.55
SPSC,0,59.28
GTN,18.5926879015,10.46
JOBS,0,36.49
ITG,0,19.89
WIX,0,21.85
IRBT,0,36.26
BBOX,0,23.52
CHGG,3072.49134584,6.94
TBI,0,23.25
HTGC,1403.98687788,15.72
NSP,0,33.09
SIGM,0,4.58
IPGP,0,73.17
COUP,0,15.50
SSNI,2249.42619718,7.29
TTMI,0,6.88
RENN,6180.83943409,2.80
TISI,0,41.32
TWOU,296.042978295,18.07
VDSI,1037.28236359,29.98
LRN,0,11.99
SYKE,0,23.32
SOHU,0,50.50
day,32,2014-12-01
value,112420.712119
CALX,0,10.53
CIR,0,67.00
SPSC,0,58.48
GTN,18.5926879015,10.32
JOBS,0,36.47
ITG,0,19.70
WIX,0,20.45
IRBT,0,36.14
BBOX,0,23.04
CHGG,3072.49134584,6.75
TBI,0,22.90
HTGC,1403.98687788,15.69
NSP,0,33.00
SIGM,0,4.57
IPGP,0,71.64
COUP,0,15.09
SSNI,2249.42619718,7.14
TTMI,0,6.69
RENN,6180.83943409,2.82
TISI,0,40.68
TWOU,296.042978295,18.00
VDSI,1037.28236359,29.54
LRN,0,11.60
SYKE,0,23.15
SOHU,0,50.30
day,33,2014-12-02
value,108821.808246
CALX,0,10.12
CIR,0,63.94
SPSC,0,57.27
GTN,18.5926879015,10.17
JOBS,0,36.14
ITG,0,19.54
WIX,0,20.51
IRBT,-6.54837497416e-32,35.61
BBOX,0,22.88
CHGG,3072.49134584,6.40
TBI,0,22.35
HTGC,1403.98687788,15.28
NSP,0,33.04
SIGM,0,4.31
IPGP,0,71.30
COUP,0,14.67
SSNI,2249.42619718,6.90
TTMI,0,6.83
RENN,6180.83943409,2.69
TISI,0,38.35
TWOU,296.042978295,18.35
VDSI,1037.28236359,28.86
LRN,0,11.63
SYKE,0,23.39
SOHU,0,48.00
day,34,2014-12-03
value,111285.914159
CALX,0,10.30
CIR,0.0,64.23
SPSC,0,56.39
GTN,18.5926879015,10.39
JOBS,0,36.28
ITG,0,19.81
WIX,0,21.03
IRBT,-6.54837497416e-32,36.79
BBOX,0,23.49
CHGG,3072.49134584,6.48
TBI,0,22.35
HTGC,1403.98687788,15.43
NSP,0,32.91
SIGM,0,4.36
IPGP,0,74.88
COUP,0,14.71
SSNI,2249.42619718,7.21
TTMI,0,6.78
RENN,6180.83943409,2.67
TISI,0,38.79
TWOU,296.042978295,18.52
VDSI,1037.28236359,30.19
LRN,0,11.76
SYKE,0,23.60
SOHU,0,47.52
day,35,2014-12-04
value,109935.707397
CALX,0,10.55
CIR,0.0,61.90
SPSC,0.0,57.61
GTN,18.5926879015,10.19
JOBS,0,36.79
ITG,0,19.94
WIX,0,21.32
IRBT,-6.54837497416e-32,37.50
BBOX,0,24.08
CHGG,3072.49134584,6.37
TBI,0,22.83
HTGC,1403.98687788,15.18
NSP,0,33.80
SIGM,0,4.39
IPGP,0,75.68
COUP,0,14.83
SSNI,2249.42619718,7.25
TTMI,0,6.96
RENN,6180.83943409,2.72
TISI,0.0,39.52
TWOU,296.042978295,18.49
VDSI,1037.28236359,29.18
LRN,0,11.92
SYKE,0,23.72
SOHU,0,48.55
day,36,2014-12-05
value,109579.219368
CALX,0,10.19
CIR,8.84302854389,60.59
SPSC,9.50153561651,57.92
GTN,72.3103980945,10.16
JOBS,0,36.05
ITG,0,20.09
WIX,0,21.17
IRBT,14.5968924498,36.93
BBOX,0,23.86
CHGG,3158.42281631,6.45
TBI,0,22.53
HTGC,1440.0463948,15.55
NSP,0,33.48
SIGM,0,4.70
IPGP,0,76.93
COUP,0,14.90
SSNI,2324.92736502,7.15
TTMI,0,7.00
RENN,6382.08335573,2.56
TISI,13.8507962264,39.05
TWOU,0,18.72
VDSI,1056.04122126,29.31
LRN,0,11.89
SYKE,0,23.66
SOHU,0,47.25
day,37,2014-12-08
value,109752.892092
CALX,0,10.11
CIR,0,57.59
SPSC,10.5293884009,57.74
GTN,78.1699682988,10.27
JOBS,0,36.87
ITG,0,20.01
WIX,0,21.57
IRBT,16.2089485905,37.00
BBOX,0,23.97
CHGG,3167.65277496,6.35
TBI,0,22.86
HTGC,1443.87489855,15.48
NSP,0,33.89
SIGM,0,5.02
IPGP,0,76.08
COUP,0,15.47
SSNI,2333.25369135,7.37
TTMI,0,6.95
RENN,6405.33852498,2.61
TISI,15.3753348506,40.00
TWOU,0,18.60
VDSI,1058.072379,29.06
LRN,0,11.93
SYKE,0,23.53
SOHU,0,47.23
day,38,2014-12-09
value,105232.315346
CALX,0,9.97
CIR,0,57.29
SPSC,10.5293884009,56.01
GTN,78.1699682988,10.12
JOBS,0,34.94
ITG,0,19.69
WIX,0,21.21
IRBT,16.2089485905,34.41
BBOX,0,22.95
CHGG,3167.65277496,6.14
TBI,0,22.47
HTGC,1443.87489855,15.05
NSP,0,33.49
SIGM,0,4.91
IPGP,0,75.20
COUP,0,14.81
SSNI,2333.25369135,7.21
TTMI,0,6.82
RENN,6405.33852498,2.58
TISI,15.3753348506,38.31
TWOU,0,18.35
VDSI,1058.072379,26.63
LRN,0,11.65
SYKE,0,22.82
SOHU,0,45.52
day,39,2014-12-10
value,109782.233795
CALX,0,10.29
CIR,0,59.52
SPSC,10.5293884009,58.92
GTN,78.1699682988,10.37
JOBS,0,34.02
ITG,0,20.20
WIX,0,21.85
IRBT,16.2089485905,35.47
BBOX,0,24.24
CHGG,3167.65277496,6.48
TBI,0,22.73
HTGC,1443.87489855,15.04
NSP,0,33.85
SIGM,0,4.96
IPGP,0,75.81
COUP,0,15.04
SSNI,2333.25369135,8.04
TTMI,0,7.13
RENN,6405.33852498,2.60
TISI,15.3753348506,39.06
TWOU,0,18.54
VDSI,1058.072379,27.90
LRN,0,11.87
SYKE,0,23.54
SOHU,0,47.33
day,40,2014-12-11
value,110332.556161
CALX,0,9.91
CIR,0,58.36
SPSC,10.5293884009,57.17
GTN,78.1699682988,10.36
JOBS,0,33.27
ITG,0,19.90
WIX,0,21.61
IRBT,16.2089485905,34.48
BBOX,0,23.92
CHGG,3167.65277496,6.50
TBI,0,22.25
HTGC,1443.87489855,14.92
NSP,0,31.50
SIGM,0,5.20
IPGP,0,74.08
COUP,0,15.21
SSNI,2333.25369135,8.18
TTMI,0,7.01
RENN,6405.33852498,2.59
TISI,15.3753348506,39.00
TWOU,0,18.39
VDSI,1058.072379,28.31
LRN,0,11.71
SYKE,0,23.02
SOHU,0,46.40
day,41,2014-12-12
value,107548.68795
CALX,0.0,9.82
CIR,0,57.26
SPSC,10.5293884009,57.03
GTN,78.1699682988,10.08
JOBS,0,33.39
ITG,0,19.52
WIX,0,21.70
IRBT,16.2089485905,34.42
BBOX,0,23.77
CHGG,3167.65277496,6.37
TBI,0,21.33
HTGC,1443.87489855,14.78
NSP,0,31.47
SIGM,0,4.95
IPGP,0,73.28
COUP,0,15.17
SSNI,2333.25369135,7.81
TTMI,0,6.89
RENN,6405.33852498,2.55
TISI,15.3753348506,37.64
TWOU,0,17.96
VDSI,1058.072379,27.36
LRN,0,11.67
SYKE,0,22.86
SOHU,0,47.11
day,42,2014-12-15
value,108049.467282
CALX,0.0,9.67
CIR,0,56.69
SPSC,10.5293884009,56.91
GTN,78.1699682988,10.20
JOBS,0,33.44
ITG,0,19.67
WIX,0,21.64
IRBT,16.2089485905,34.31
BBOX,0,23.55
CHGG,3167.65277496,6.42
TBI,0,20.77
HTGC,1443.87489855,15.51
NSP,0,31.40
SIGM,0,5.01
IPGP,0,75.33
COUP,0,14.96
SSNI,2333.25369135,7.83
TTMI,0,7.05
RENN,6405.33852498,2.54
TISI,15.3753348506,38.87
TWOU,0,18.00
VDSI,1058.072379,26.68
LRN,0,11.53
SYKE,0,23.00
SOHU,0,49.92
day,43,2014-12-16
value,104834.270974
CALX,6.39008417946,9.35
CIR,0,57.20
SPSC,11.6151749765,56.93
GTN,84.2280186924,10.26
JOBS,0,33.65
ITG,0,19.21
WIX,0,20.95
IRBT,0,33.24
BBOX,0,22.67
CHGG,3177.27771483,6.45
TBI,0,20.33
HTGC,1447.85891621,14.45
NSP,0,31.21
SIGM,0,4.76
IPGP,0,73.37
COUP,0,15.34
SSNI,2341.14540451,7.73
TTMI,0,7.00
RENN,6429.66612893,2.48
TISI,16.9650470712,38.05
TWOU,0,17.91
VDSI,1060.38842525,25.60
LRN,0,11.28
SYKE,0,22.77
SOHU,0,48.36
day,44,2014-12-17
value,103671.449237
CALX,6.39008417946,9.50
CIR,0,57.75
SPSC,11.6151749765,56.77
GTN,84.2280186924,10.43
JOBS,0,33.71
ITG,0,19.43
WIX,0,19.51
IRBT,0,34.12
BBOX,0,22.67
CHGG,3177.27771483,6.35
TBI,0,20.18
HTGC,1447.85891621,14.09
NSP,0,31.93
SIGM,0,4.87
IPGP,0,71.10
COUP,0,15.39
SSNI,2341.14540451,7.63
TTMI,0,7.08
RENN,6429.66612893,2.51
TISI,16.9650470712,36.85
TWOU,0,17.85
VDSI,1060.38842525,25.34
LRN,0,11.28
SYKE,0,22.69
SOHU,0,48.88
day,45,2014-12-18
value,108780.823801
CALX,6.39008417946,10.00
CIR,0,60.11
SPSC,11.6151749765,57.50
GTN,84.2280186924,10.96
JOBS,0,34.80
ITG,0,20.17
WIX,0,20.11
IRBT,0,35.56
BBOX,0,23.66
CHGG,3177.27771483,6.70
TBI,0,21.17
HTGC,1447.85891621,14.57
NSP,0,32.90
SIGM,0,5.10
IPGP,0,72.68
COUP,0,15.88
SSNI,2341.14540451,8.17
TTMI,0,7.28
RENN,6429.66612893,2.67
TISI,16.9650470712,38.65
TWOU,0,18.25
VDSI,1060.38842525,26.21
LRN,0,11.91
SYKE,0,23.80
SOHU,0,50.00
day,46,2014-12-19
value,109691.710477
CALX,6.39008417946,10.10
CIR,0,61.55
SPSC,11.6151749765,57.51
GTN,84.2280186924,11.19
JOBS,0,35.56
ITG,0,20.38
WIX,0,20.57
IRBT,0,36.00
BBOX,0,23.78
CHGG,3177.27771483,6.56
TBI,0,21.47
HTGC,1447.85891621,14.83
NSP,0,33.52
SIGM,0,5.36
IPGP,0,73.45
COUP,0,16.00
SSNI,2341.14540451,8.10
TTMI,0,7.27
RENN,6429.66612893,2.63
TISI,16.9650470712,38.75
TWOU,0,19.08
VDSI,1060.38842525,27.51
LRN,0,12.08
SYKE,0,23.72
SOHU,0,52.03
day,47,2014-12-22
value,110027.151942
CALX,6.39008417946,10.20
CIR,0,61.66
SPSC,11.6151749765,57.50
GTN,84.2280186924,11.00
JOBS,0,36.00
ITG,0,20.27
WIX,0,20.52
IRBT,0,36.00
BBOX,0,23.25
CHGG,3177.27771483,6.63
TBI,0,21.99
HTGC,1447.85891621,14.78
NSP,0,34.37
SIGM,0,5.40
IPGP,0,75.04
COUP,0,15.82
SSNI,2341.14540451,8.08
TTMI,0,7.51
RENN,6429.66612893,2.75
TISI,16.9650470712,38.50
TWOU,0,19.08
VDSI,1060.38842525,27.02
LRN,0,12.25
SYKE,0,23.70
SOHU,0,52.77
day,48,2014-12-23
value,111365.089999
CALX,6.39008417946,10.41
CIR,0,61.90
SPSC,11.6151749765,57.00
GTN,84.2280186924,11.23
JOBS,0,36.37
ITG,0,20.83
WIX,0,20.74
IRBT,0,34.58
BBOX,0,24.31
CHGG,3177.27771483,6.95
TBI,0,22.58
HTGC,1447.85891621,14.80
NSP,0,34.69
SIGM,0,5.68
IPGP,0,77.00
COUP,0,16.00
SSNI,2341.14540451,8.18
TTMI,0,7.70
RENN,6429.66612893,2.65
TISI,16.9650470712,39.57
TWOU,0,19.68
VDSI,1060.38842525,27.65
LRN,0,12.40
SYKE,0,23.58
SOHU,0,53.24
day,49,2014-12-24
value,111691.188551
CALX,6.39008417946,10.38
CIR,0,62.41
SPSC,11.6151749765,57.00
GTN,84.2280186924,11.32
JOBS,0,35.91
ITG,0,21.12
WIX,0,21.11
IRBT,0,35.00
BBOX,0,23.99
CHGG,3177.27771483,7.00
TBI,0,22.80
HTGC,1447.85891621,14.78
NSP,0,34.56
SIGM,0,5.53
IPGP,0,75.06
COUP,0,16.80
SSNI,2341.14540451,8.53
TTMI,0,7.51
RENN,6429.66612893,2.58
TISI,16.9650470712,40.18
TWOU,0,19.57
VDSI,1060.38842525,27.47
LRN,0,13.02
SYKE,0,23.72
SOHU,0,52.21
day,50,2014-12-26
value,113453.820029
CALX,6.39008417946,10.22
CIR,0,62.96
SPSC,11.6151749765,56.96
GTN,84.2280186924,11.42
JOBS,0,36.24
ITG,0,20.81
WIX,0,21.00
IRBT,0,35.00
BBOX,0,24.39
CHGG,3177.27771483,6.90
TBI,0,22.62
HTGC,1447.85891621,15.20
NSP,0,34.66
SIGM,0,5.58
IPGP,0,75.60
COUP,0,17.50
SSNI,2341.14540451,8.26
TTMI,0,7.41
RENN,6429.66612893,2.61
TISI,16.9650470712,40.56
TWOU,0,19.46
VDSI,1060.38842525,29.26
LRN,0,12.41
SYKE,0,23.58
SOHU,0,51.97
day,51,2014-12-29
value,113229.979264
CALX,6.39008417946,10.09
CIR,0,62.87
SPSC,11.6151749765,57.30
GTN,84.2280186924,11.50
JOBS,0,36.42
ITG,0,20.83
WIX,0,20.96
IRBT,0,34.73
BBOX,0,24.31
CHGG,3177.27771483,7.02
TBI,0,22.53
HTGC,1447.85891621,15.07
NSP,0,34.67
SIGM,0,5.58
IPGP,0,75.00
COUP,0,17.63
SSNI,2341.14540451,8.07
TTMI,0,7.40
RENN,6429.66612893,2.61
TISI,16.9650470712,41.00
TWOU,0,19.50
VDSI,1060.38842525,29.27
LRN,0,11.87
SYKE,0,23.86
SOHU,0,52.39
day,52,2014-12-30
value,111787.077039
CALX,6.39008417946,9.77
CIR,0,62.14
SPSC,11.6151749765,57.18
GTN,84.2280186924,11.50
JOBS,0,36.16
ITG,0,20.94
WIX,0,20.74
IRBT,0,34.63
BBOX,0,24.53
CHGG,3177.27771483,6.99
TBI,0,22.48
HTGC,1447.85891621,14.89
NSP,0,34.57
SIGM,0,6.10
IPGP,0,76.01
COUP,0,17.67
SSNI,2341.14540451,8.04
TTMI,0,7.54
RENN,6429.66612893,2.59
TISI,16.9650470712,40.73
TWOU,0,20.07
VDSI,1060.38842525,28.44
LRN,0,11.91
SYKE,0,23.58
SOHU,0,51.73
day,53,2014-12-31
value,110802.651075
CALX,6.39008417946,10.10
CIR,0,59.93
SPSC,11.6151749765,56.35
GTN,84.2280186924,11.42
JOBS,0,36.33
ITG,0,20.90
WIX,0,20.86
IRBT,0,34.64
BBOX,0,24.55
CHGG,3177.27771483,6.90
TBI,0,22.53
HTGC,1447.85891621,15.10
NSP,0,34.39
SIGM,0,6.30
IPGP,0,75.86
COUP,0,17.80
SSNI,2341.14540451,7.96
TTMI,0,7.60
RENN,6429.66612893,2.56
TISI,16.9650470712,41.14
TWOU,0,19.58
VDSI,1060.38842525,27.86
LRN,0,11.87
SYKE,0,23.83
SOHU,0,52.00
day,54,2015-01-02
value,112186.605438
CALX,14.4905187083,10.08
CIR,0,60.51
SPSC,0,57.16
GTN,91.3921508063,11.29
JOBS,0,35.89
ITG,0,20.87
WIX,0,21.20
IRBT,0,34.84
BBOX,0,24.18
CHGG,3189.13487262,6.95
TBI,0,22.38
HTGC,1453.27708765,14.86
NSP,0,34.06
SIGM,0,7.20
IPGP,0,75.51
COUP,0,17.68
SSNI,2351.42359405,8.46
TTMI,0,7.57
RENN,6461.62487453,2.52
TISI,18.9537293449,40.49
TWOU,0,19.72
VDSI,1063.32505083,28.50
LRN,0,11.88
SYKE,0,23.64
SOHU,0,53.41
day,55,2015-01-05
value,111181.990472
CALX,14.4905187083,9.88
CIR,0,59.51
SPSC,0,55.21
GTN,91.3921508063,10.88
JOBS,0,36.08
ITG,0,20.21
WIX,0,21.20
IRBT,0,34.65
BBOX,0,23.64
CHGG,3189.13487262,6.96
TBI,0,21.41
HTGC,1453.27708765,15.08
NSP,0,32.97
SIGM,0,7.02
IPGP,0,73.72
COUP,0,16.94
SSNI,2351.42359405,8.00
TTMI,0,7.35
RENN,6461.62487453,2.70
TISI,18.9537293449,39.70
TWOU,0,19.40
VDSI,1063.32505083,27.20
LRN,0,11.62
SYKE,0,23.16
SOHU,0,51.72
day,56,2015-01-06
value,109772.075305
CALX,14.4905187083,9.82
CIR,0,56.82
SPSC,0,54.59
GTN,91.3921508063,10.81
JOBS,0,37.14
ITG,0,20.05
WIX,0,20.63
IRBT,0,33.92
BBOX,0,23.37
CHGG,3189.13487262,6.80
TBI,0,21.39
HTGC,1453.27708765,14.97
NSP,0,33.49
SIGM,0,6.98
IPGP,0,73.46
COUP,0,16.91
SSNI,2351.42359405,7.76
TTMI,0,7.32
RENN,6461.62487453,2.67
TISI,18.9537293449,38.81
TWOU,0,19.00
VDSI,1063.32505083,27.24
LRN,0,11.48
SYKE,0,22.87
SOHU,0,51.96
day,57,2015-01-07
value,105972.829621
CALX,14.4905187083,9.86
CIR,0,56.30
SPSC,0,54.25
GTN,91.3921508063,10.33
JOBS,0,36.94
ITG,0,19.87
WIX,0,20.63
IRBT,0,33.24
BBOX,0,23.33
CHGG,3189.13487262,6.84
TBI,0,21.28
HTGC,1453.27708765,14.65
NSP,0,33.60
SIGM,0,6.86
IPGP,0,73.66
COUP,0,16.97
SSNI,2351.42359405,7.36
TTMI,0,7.28
RENN,6461.62487453,2.58
TISI,18.9537293449,39.74
TWOU,0,19.02
VDSI,1063.32505083,25.44
LRN,0,10.64
SYKE,0,22.84
SOHU,0,51.34
day,58,2015-01-08
value,107225.657137
CALX,14.4905187083,9.74
CIR,0,54.95
SPSC,0,55.07
GTN,91.3921508063,10.38
JOBS,0,37.29
ITG,0,20.04
WIX,0,21.53
IRBT,0,33.31
BBOX,0,23.38
CHGG,3189.13487262,6.94
TBI,0,21.62
HTGC,1453.27708765,14.80
NSP,0,34.46
SIGM,0,7.06
IPGP,0,73.66
COUP,0,18.13
SSNI,2351.42359405,7.40
TTMI,0,7.41
RENN,6461.62487453,2.54
TISI,18.9537293449,37.79
TWOU,0,18.86
VDSI,1063.32505083,26.30
LRN,0,10.15
SYKE,0,23.05
SOHU,0,50.84
day,59,2015-01-09
value,107459.587789
CALX,14.4905187083,9.70
CIR,0,54.74
SPSC,0,55.31
GTN,91.3921508063,10.42
JOBS,0,37.31
ITG,0,20.15
WIX,0,21.41
IRBT,0.0,33.28
BBOX,0,22.91
CHGG,3189.13487262,6.99
TBI,0,21.71
HTGC,1453.27708765,14.53
NSP,0,34.87
SIGM,0,7.19
IPGP,0,73.69
COUP,0,19.65
SSNI,2351.42359405,7.42
TTMI,0,7.63
RENN,6461.62487453,2.60
TISI,18.9537293449,37.64
TWOU,0,17.90
VDSI,1063.32505083,26.33
LRN,0,10.67
SYKE,0,23.45
SOHU,0,51.85
day,60,2015-01-12
value,107089.305613
CALX,14.4905187083,9.74
CIR,0,53.81
SPSC,0,54.41
GTN,91.3921508063,10.47
JOBS,0,36.47
ITG,0,19.38
WIX,0,20.02
IRBT,0.0,32.78
BBOX,0,22.40
CHGG,3189.13487262,7.14
TBI,0,21.38
HTGC,1453.27708765,14.65
NSP,0,35.42
SIGM,0,7.16
IPGP,0,71.99
COUP,0,19.51
SSNI,2351.42359405,7.35
TTMI,0,7.56
RENN,6461.62487453,2.66
TISI,18.9537293449,37.26
TWOU,0,18.39
VDSI,1063.32505083,25.16
LRN,0,10.27
SYKE,0,22.92
SOHU,0,50.94
day,61,2015-01-13
value,106015.191765
CALX,14.4905187083,9.76
CIR,0,53.71
SPSC,0,54.43
GTN,91.3921508063,10.52
JOBS,0,36.28
ITG,0,20.17
WIX,0,19.75
IRBT,0.0,32.61
BBOX,0,22.50
CHGG,3189.13487262,7.09
TBI,0,21.47
HTGC,1453.27708765,14.80
NSP,0,36.10
SIGM,0,7.27
IPGP,0,72.09
COUP,0,19.24
SSNI,2351.42359405,7.18
TTMI,0,7.56
RENN,6461.62487453,2.68
TISI,18.9537293449,37.52
TWOU,0,18.43
VDSI,1063.32505083,24.34
LRN,0,10.76
SYKE,0,23.14
SOHU,0,50.80
day,62,2015-01-14
value,102073.159225
CALX,14.4905187083,9.50
CIR,0,49.46
SPSC,0,53.68
GTN,91.3921508063,10.55
JOBS,0,36.05
ITG,0,19.83
WIX,0,18.57
IRBT,0.0,31.07
BBOX,0,22.03
CHGG,3189.13487262,6.75
TBI,0,21.15
HTGC,1453.27708765,14.22
NSP,0,35.81
SIGM,0,6.68
IPGP,0,70.26
COUP,0,18.89
SSNI,2351.42359405,7.19
TTMI,0,7.51
RENN,6461.62487453,2.60
TISI,18.9537293449,38.09
TWOU,0,17.81
VDSI,1063.32505083,22.90
LRN,0,11.05
SYKE,0,23.19
SOHU,0,50.03
day,63,2015-01-15
value,103949.631586
CALX,14.4905187083,9.66
CIR,0,49.41
SPSC,0,54.48
GTN,91.3921508063,10.42
JOBS,0,36.19
ITG,0,20.02
WIX,0,18.80
IRBT,0.0,31.38
BBOX,0,22.30
CHGG,3189.13487262,7.00
TBI,0,21.00
HTGC,1453.27708765,14.30
NSP,0,36.21
SIGM,0,6.90
IPGP,0,71.45
COUP,0,19.02
SSNI,2351.42359405,7.18
TTMI,0,7.61
RENN,6461.62487453,2.62
TISI,18.9537293449,38.94
TWOU,0,17.60
VDSI,1063.32505083,23.70
LRN,0,10.71
SYKE,0,23.25
SOHU,0,51.47
day,64,2015-01-16
value,99236.4904627
CALX,14.4905187083,9.10
CIR,0,48.90
SPSC,0.0,54.68
GTN,91.3921508063,9.84
JOBS,0,34.74
ITG,0,19.71
WIX,0,18.26
IRBT,0.0,30.93
BBOX,0,21.37
CHGG,3189.13487262,6.64
TBI,0,20.11
HTGC,1453.27708765,14.01
NSP,0,35.78
SIGM,0,6.82
IPGP,0,71.32
COUP,0,17.46
SSNI,2351.42359405,7.06
TTMI,0,7.29
RENN,6461.62487453,2.55
TISI,18.9537293449,37.36
TWOU,0,17.40
VDSI,1063.32505083,21.52
LRN,0,10.42
SYKE,0,23.08
SOHU,0,49.13
day,65,2015-01-20
value,101876.485406
CALX,23.1365666732,9.39
CIR,0,51.33
SPSC,1.43889971618,57.93
GTN,99.3879878471,10.21
JOBS,0,35.04
ITG,0,19.85
WIX,0,19.09
IRBT,2.54377744845,31.84
BBOX,0,21.78
CHGG,3200.9841251,6.70
TBI,0,20.32
HTGC,1458.89300746,14.15
NSP,0,36.25
SIGM,0,6.84
IPGP,0,73.27
COUP,0,17.32
SSNI,2362.5679335,7.21
TTMI,0,7.18
RENN,6492.47939864,2.59
TISI,0,37.90
TWOU,0,17.89
VDSI,1066.98113989,23.00
LRN,0,11.08
SYKE,0,23.67
SOHU,0,50.29
day,66,2015-01-21
value,101025.777131
CALX,24.2461974048,9.57
CIR,0,49.99
SPSC,0,58.36
GTN,100.408500342,10.05
JOBS,0,34.74
ITG,0,20.25
WIX,0,19.33
IRBT,2.87102093369,32.08
BBOX,0,20.83
CHGG,3202.53926429,6.60
TBI,0,19.95
HTGC,1459.62936312,13.98
NSP,0,39.54
SIGM,0,6.60
IPGP,0,73.59
COUP,0,16.39
SSNI,2364.01306977,7.14
TTMI,0,7.26
RENN,6496.50234558,2.60
TISI,0,37.05
TWOU,0,17.99
VDSI,1067.4341587,22.84
LRN,0,11.03
SYKE,0,23.18
SOHU,0,54.64
day,67,2015-01-22
value,101977.75865
CALX,24.2461974048,9.75
CIR,0,50.58
SPSC,0,58.18
GTN,100.408500342,10.42
JOBS,0,33.94
ITG,0,20.21
WIX,0,18.85
IRBT,2.87102093369,32.06
BBOX,0,21.07
CHGG,3202.53926429,6.65
TBI,0,20.24
HTGC,1459.62936312,14.35
NSP,0,41.24
SIGM,0,6.86
IPGP,0,74.22
COUP,0,16.01
SSNI,2364.01306977,7.27
TTMI,0,7.19
RENN,6496.50234558,2.59
TISI,0,37.70
TWOU,0,18.05
VDSI,1067.4341587,22.81
LRN,0,11.51
SYKE,0,23.16
SOHU,0,55.53
day,68,2015-01-23
value,104204.807158
CALX,24.2461974048,10.07
CIR,0,50.69
SPSC,0,58.01
GTN,100.408500342,10.45
JOBS,0,33.96
ITG,0,20.94
WIX,0,19.53
IRBT,2.87102093369,33.21
BBOX,0,21.46
CHGG,3202.53926429,7.00
TBI,0,20.47
HTGC,1459.62936312,15.11
NSP,0,43.54
SIGM,0,6.70
IPGP,0,74.30
COUP,0,16.44
SSNI,2364.01306977,7.30
TTMI,0,7.23
RENN,6496.50234558,2.56
TISI,0,38.35
TWOU,0,18.14
VDSI,1067.4341587,22.91
LRN,0,11.61
SYKE,0,23.54
SOHU,0,54.73
day,69,2015-01-26
value,104334.663713
CALX,24.2461974048,9.90
CIR,0,50.22
SPSC,0,58.47
GTN,100.408500342,10.49
JOBS,0,34.71
ITG,0,20.41
WIX,0,20.38
IRBT,2.87102093369,33.20
BBOX,0,21.43
CHGG,3202.53926429,7.10
TBI,0,20.56
HTGC,1459.62936312,15.06
NSP,0,44.29
SIGM,0,6.62
IPGP,0,75.00
COUP,0,15.95
SSNI,2364.01306977,7.25
TTMI,0,7.19
RENN,6496.50234558,2.57
TISI,0,37.82
TWOU,0,18.07
VDSI,1067.4341587,22.85
LRN,0,11.51
SYKE,0,23.34
SOHU,0,54.83
day,70,2015-01-27
value,102229.602956
CALX,24.2461974048,9.87
CIR,0,50.00
SPSC,0,58.26
GTN,100.408500342,10.14
JOBS,0,35.20
ITG,0,20.64
WIX,0,20.01
IRBT,2.87102093369,33.00
BBOX,0,21.04
CHGG,3202.53926429,6.94
TBI,0,20.15
HTGC,1459.62936312,14.76
NSP,0,43.50
SIGM,0,6.74
IPGP,0,75.00
COUP,0,14.68
SSNI,2364.01306977,7.35
TTMI,0,7.21
RENN,6496.50234558,2.58
TISI,0,38.21
TWOU,0,18.00
VDSI,1067.4341587,21.52
LRN,0,11.54
SYKE,0,23.00
SOHU,0,56.22
day,71,2015-01-28
value,102951.361944
CALX,24.2461974048,10.06
CIR,0,50.04
SPSC,0.0,58.48
GTN,100.408500342,10.32
JOBS,0,35.35
ITG,0,20.74
WIX,0,20.59
IRBT,2.87102093369,33.98
BBOX,0,20.95
CHGG,3202.53926429,7.11
TBI,0,20.60
HTGC,1459.62936312,14.80
NSP,0,42.93
SIGM,0,6.76
IPGP,0,74.13
COUP,0,15.05
SSNI,2364.01306977,7.30
TTMI,0,7.14
RENN,6496.50234558,2.56
TISI,0,39.00
TWOU,0,18.08
VDSI,1067.4341587,21.84
LRN,0,11.61
SYKE,0,23.13
SOHU,0,57.00
day,72,2015-01-29
value,100045.034112
CALX,24.2461974048,9.99
CIR,0,49.61
SPSC,0.0,59.89
GTN,100.408500342,9.78
JOBS,0,34.94
ITG,0,19.53
WIX,0,20.05
IRBT,2.87102093369,33.01
BBOX,0,21.01
CHGG,3202.53926429,6.80
TBI,0,20.16
HTGC,1459.62936312,14.52
NSP,0,42.32
SIGM,0,6.63
IPGP,0,73.73
COUP,0,14.62
SSNI,2364.01306977,7.15
TTMI,0,7.04
RENN,6496.50234558,2.53
TISI,0,38.02
TWOU,0,17.81
VDSI,1067.4341587,21.00
LRN,0,11.22
SYKE,0,23.04
SOHU,0,57.20
day,73,2015-01-30
value,101560.421889
CALX,24.2461974048,9.69
CIR,0,49.99
SPSC,0.0,60.31
GTN,100.408500342,9.55
JOBS,0,35.07
ITG,0,21.11
WIX,0,19.94
IRBT,2.87102093369,32.84
BBOX,0,21.00
CHGG,3202.53926429,6.61
TBI,0,20.19
HTGC,1459.62936312,14.77
NSP,0,42.38
SIGM,0,6.69
IPGP,0,74.25
COUP,0,14.39
SSNI,2364.01306977,7.22
TTMI,0,7.00
RENN,6496.50234558,2.55
TISI,0,38.52
TWOU,0,17.85
VDSI,1067.4341587,22.40
LRN,0,14.57
SYKE,0,23.25
SOHU,0,56.11
day,74,2015-02-02
value,101181.740212
CALX,24.2461974048,9.62
CIR,0,49.68
SPSC,0.0,59.60
GTN,100.408500342,9.85
JOBS,0,35.39
ITG,0,20.20
WIX,0,19.80
IRBT,2.87102093369,31.72
BBOX,0,21.00
CHGG,3202.53926429,6.64
TBI,0,22.07
HTGC,1459.62936312,15.11
NSP,0,42.06
SIGM,0,6.36
IPGP,0,74.49
COUP,0,14.22
SSNI,2364.01306977,7.15
TTMI,0,6.97
RENN,6496.50234558,2.57
TISI,0,38.11
TWOU,0.0,17.75
VDSI,1067.4341587,21.50
LRN,0,14.42
SYKE,0,22.60
SOHU,0,56.28
day,75,2015-02-03
value,101912.337651
CALX,24.2461974048,10.23
CIR,0,51.14
SPSC,0.0,60.01
GTN,100.408500342,9.66
JOBS,0,35.96
ITG,0,21.30
WIX,0,19.62
IRBT,2.87102093369,32.11
BBOX,0,20.45
CHGG,3202.53926429,6.64
TBI,0,22.50
HTGC,1459.62936312,15.10
NSP,0,41.86
SIGM,0,6.32
IPGP,0,76.10
COUP,0,14.45
SSNI,2364.01306977,7.40
TTMI,0,7.03
RENN,6496.50234558,2.54
TISI,0,39.03
TWOU,0.0,18.13
VDSI,1067.4341587,21.83
LRN,0,15.03
SYKE,0,22.85
SOHU,0.0,57.00
day,76,2015-02-04
value,102476.674311
CALX,32.8656421155,9.01
CIR,0,52.11
SPSC,1.46937042811,60.15
GTN,0,9.87
JOBS,0,35.28
ITG,0,21.72
WIX,0,18.75
IRBT,5.61710998354,32.28
BBOX,0,20.64
CHGG,3215.81892083,6.70
TBI,0,22.66
HTGC,1465.4688942,15.53
NSP,0,42.00
SIGM,0,6.45
IPGP,0,76.87
COUP,0,15.24
SSNI,2375.92886969,7.64
TTMI,0,7.08
RENN,6531.21766817,2.48
TISI,2.25920879813,39.75
TWOU,4.86359180314,17.63
VDSI,1071.47341291,21.46
LRN,0,15.51
SYKE,0,23.40
SOHU,1.54696349809,56.40
day,77,2015-02-05
value,104940.212293
CALX,33.8465814191,8.68
CIR,0,50.81
SPSC,0,62.19
GTN,0,10.13
JOBS,0,34.11
ITG,0,21.76
WIX,0,19.17
IRBT,5.89090995644,28.75
BBOX,0,20.99
CHGG,3217.13806458,6.77
TBI,0,22.71
HTGC,1466.03800323,15.20
NSP,0,42.56
SIGM,0,6.54
IPGP,0,78.69
COUP,0,14.35
SSNI,2377.08571042,7.88
TTMI,0,7.31
RENN,6534.78148395,2.64
TISI,2.48155504027,39.22
TWOU,5.36491132243,17.81
VDSI,1071.88526114,22.52
LRN,0,16.13
SYKE,0,23.77
SOHU,1.70367029108,57.68
day,78,2015-02-06
value,105899.91987
CALX,33.8465814191,8.83
CIR,0,52.06
SPSC,0,63.58
GTN,3.18829191313e-17,9.97
JOBS,0,32.71
ITG,0,22.19
WIX,0,19.25
IRBT,5.89090995644,29.16
BBOX,0,21.60
CHGG,3217.13806458,6.71
TBI,0,23.50
HTGC,1466.03800323,15.23
NSP,0,42.72
SIGM,0,6.67
IPGP,0,78.93
COUP,0,14.52
SSNI,2377.08571042,7.68
TTMI,0,7.76
RENN,6534.78148395,2.64
TISI,2.48155504027,39.60
TWOU,5.36491132243,18.00
VDSI,1071.88526114,23.99
LRN,0,16.31
SYKE,0,23.99
SOHU,1.70367029108,57.12
day,79,2015-02-09
value,102869.716896
CALX,33.8465814191,8.78
CIR,0,50.98
SPSC,-1.16319141026e-33,68.00
GTN,3.18829191313e-17,10.21
JOBS,0,32.91
ITG,0,22.25
WIX,0,19.45
IRBT,5.89090995644,30.83
BBOX,0,21.85
CHGG,3217.13806458,6.67
TBI,0,21.32
HTGC,1466.03800323,15.40
NSP,0,42.73
SIGM,0,6.83
IPGP,0,84.81
COUP,0,14.68
SSNI,2377.08571042,7.27
TTMI,0,7.79
RENN,6534.78148395,2.63
TISI,2.48155504027,39.84
TWOU,5.36491132243,18.15
VDSI,1071.88526114,22.02
LRN,0,16.54
SYKE,0,23.82
SOHU,1.70367029108,52.00
day,80,2015-02-10
value,104760.074711
CALX,33.8465814191,8.63
CIR,0,51.68
SPSC,0,67.70
GTN,3.18829191313e-17,10.15
JOBS,0,33.11
ITG,0,21.94
WIX,0,18.80
IRBT,5.89090995644,30.38
BBOX,0,21.81
CHGG,3217.13806458,6.75
TBI,0,21.91
HTGC,1466.03800323,15.52
NSP,0,46.00
SIGM,0,6.66
IPGP,0,84.60
COUP,0,9.24
SSNI,2377.08571042,7.45
TTMI,0,7.95
RENN,6534.78148395,2.60
TISI,2.48155504027,38.95
TWOU,5.36491132243,18.53
VDSI,1071.88526114,23.17
LRN,0,17.05
SYKE,0,23.60
SOHU,1.70367029108,52.27
day,81,2015-02-11
value,107173.949392
CALX,34.9985142905,8.61
CIR,0,51.88
SPSC,0,67.90
GTN,0.979426668026,9.90
JOBS,0,34.19
ITG,0,22.09
WIX,0,19.17
IRBT,6.21813776027,30.24
BBOX,0,21.69
CHGG,3218.61083209,6.60
TBI,0,21.38
HTGC,1466.67854322,15.48
NSP,0,45.39
SIGM,0,6.71
IPGP,0,87.13
COUP,0,10.58
SSNI,2378.42009708,8.42
TTMI,0,8.13
RENN,6538.60501498,2.60
TISI,2.73678432603,38.37
TWOU,0,18.29
VDSI,1072.31431512,23.78
LRN,0,16.38
SYKE,0,23.58
SOHU,1.89385932266,50.98
day,82,2015-02-12
value,108407.198023
CALX,36.1198725747,8.86
CIR,0,51.69
SPSC,0,66.72
GTN,1.95466856974,9.98
JOBS,0,34.51
ITG,0,21.99
WIX,0,19.35
IRBT,6.53741338286,31.12
BBOX,0,21.86
CHGG,3220.07369494,6.53
TBI,0,21.80
HTGC,1467.30224443,15.32
NSP,0,46.40
SIGM,0,6.64
IPGP,0,87.48
COUP,0.912560947724,11.13
SSNI,2379.56675918,8.70
TTMI,0,8.53
RENN,6542.31843606,2.62
TISI,2.98841046173,38.78
TWOU,0,17.65
VDSI,1072.72032415,24.60
LRN,0,16.71
SYKE,0,23.80
SOHU,0,51.05
day,83,2015-02-13
value,112419.24034
CALX,36.1198725747,8.71
CIR,0,52.63
SPSC,0,66.83
GTN,1.95466856974,9.80
JOBS,0,35.01
ITG,0,22.17
WIX,0,19.00
IRBT,6.53741338286,31.11
BBOX,0,22.22
CHGG,3220.07369494,6.50
TBI,0,22.76
HTGC,1467.30224443,15.53
NSP,0,47.59
SIGM,0,6.93
IPGP,0,86.64
COUP,0.912560947724,11.10
SSNI,2379.56675918,8.81
TTMI,0,8.71
RENN,6542.31843606,2.65
TISI,2.98841046173,39.27
TWOU,5.03217234958e-17,17.44
VDSI,1072.72032415,27.72
LRN,0,16.70
SYKE,0,24.26
SOHU,1.73982060666e-17,51.44
day,84,2015-02-17
value,114615.112277
CALX,0,8.64
CIR,0,53.61
SPSC,0.427957082592,68.50
GTN,4.87307385847,10.16
JOBS,0,34.78
ITG,0,21.99
WIX,0,19.10
IRBT,7.45674388204,31.32
BBOX,0,22.28
CHGG,3224.47375214,6.47
TBI,0,22.85
HTGC,1469.14386529,15.50
NSP,0,49.00
SIGM,0,6.67
IPGP,0,87.26
COUP,3.48917102246,11.00
SSNI,2382.81311239,8.98
TTMI,0,8.75
RENN,6553.11102921,2.62
TISI,3.7167112468,39.02
TWOU,1.63992957739,17.08
VDSI,1073.7520836,29.70
LRN,0,16.52
SYKE,0,24.20
SOHU,0,53.80
day,85,2015-02-18
value,113650.928677
CALX,0,8.48
CIR,0,53.26
SPSC,0.483987566164,67.85
GTN,5.25083843767,10.32
JOBS,0,34.75
ITG,0,22.71
WIX,0,18.71
IRBT,7.57928820275,31.43
BBOX,0,22.33
CHGG,3225.06696515,6.55
TBI,0,22.42
HTGC,1469.39148388,15.59
NSP,0,50.00
SIGM,0,6.65
IPGP,0,89.25
COUP,0,10.93
SSNI,2383.24051642,9.04
TTMI,0,8.81
RENN,6554.57594834,2.58
TISI,3.81507332073,38.58
TWOU,1.86464199687,17.10
VDSI,1073.88131216,28.55
LRN,0,16.42
SYKE,0,22.22
SOHU,0,53.54
day,86,2015-02-19
value,113180.948733
CALX,0,8.38
CIR,0,51.04
SPSC,0.483987566164,68.00
GTN,5.25083843767,10.44
JOBS,0,34.41
ITG,0,22.75
WIX,0,19.00
IRBT,7.57928820275,31.61
BBOX,0,22.45
CHGG,3225.06696515,6.51
TBI,0,22.11
HTGC,1469.39148388,15.55
NSP,0,50.55
SIGM,0,6.72
IPGP,0,87.34
COUP,0,10.62
SSNI,2383.24051642,9.78
TTMI,0,8.94
RENN,6554.57594834,2.59
TISI,3.81507332073,39.11
TWOU,1.86464199687,17.16
VDSI,1073.88131216,26.58
LRN,0,17.03
SYKE,0,22.28
SOHU,0,53.35
day,87,2015-02-20
value,113509.668471
CALX,0,8.37
CIR,0,52.65
SPSC,0.483987566164,68.11
GTN,5.25083843767,10.52
JOBS,0,34.00
ITG,0,22.07
WIX,0,19.23
IRBT,7.57928820275,31.90
BBOX,0,22.24
CHGG,3225.06696515,6.60
TBI,0,22.04
HTGC,1469.39148388,15.32
NSP,0,51.59
SIGM,0,6.90
IPGP,0,90.00
COUP,0,10.27
SSNI,2383.24051642,9.90
TTMI,0,9.07
RENN,6554.57594834,2.59
TISI,3.81507332073,39.41
TWOU,1.86464199687,17.54
VDSI,1073.88131216,26.66
LRN,0,17.29
SYKE,0,22.67
SOHU,0,53.15
day,88,2015-02-23
value,114207.26162
CALX,0,8.25
CIR,0,51.60
SPSC,0.483987566164,67.39
GTN,5.25083843767,10.59
JOBS,0,33.48
ITG,0,21.99
WIX,0,19.65
IRBT,7.57928820275,31.43
BBOX,0,22.14
CHGG,3225.06696515,6.45
TBI,0,22.69
HTGC,1469.39148388,15.50
NSP,0,51.39
SIGM,0,6.74
IPGP,0,94.08
COUP,0,9.88
SSNI,2383.24051642,9.89
TTMI,0,8.69
RENN,6554.57594834,2.58
TISI,3.81507332073,39.41
TWOU,1.86464199687,17.72
VDSI,1073.88131216,27.60
LRN,0,17.20
SYKE,0,22.82
SOHU,0,53.10
day,89,2015-02-24
value,116971.003028
CALX,0,8.09
CIR,0,51.71
SPSC,0.483987566164,66.99
GTN,5.25083843767,10.64
JOBS,0,34.13
ITG,0,22.17
WIX,0,19.13
IRBT,7.57928820275,31.61
BBOX,0,21.85
CHGG,3225.06696515,7.70
TBI,0,21.92
HTGC,1469.39148388,15.62
NSP,0,51.04
SIGM,0,6.80
IPGP,0,96.83
COUP,0,10.29
SSNI,2383.24051642,9.92
TTMI,0,8.54
RENN,6554.57594834,2.57
TISI,3.81507332073,39.00
TWOU,1.86464199687,17.72
VDSI,1073.88131216,26.25
LRN,0,16.88
SYKE,0,22.92
SOHU,0,52.64
day,90,2015-02-25
value,119420.532984
CALX,0,8.34
CIR,0,52.56
SPSC,0.483987566164,66.58
GTN,5.25083843767,10.76
JOBS,0,35.03
ITG,0,22.46
WIX,0,18.92
IRBT,7.57928820275,32.11
BBOX,0,21.94
CHGG,3225.06696515,8.52
TBI,0,22.75
HTGC,1469.39148388,15.49
NSP,0,50.89
SIGM,0,7.28
IPGP,0,96.88
COUP,0,10.05
SSNI,2383.24051642,9.87
TTMI,0,8.86
RENN,6554.57594834,2.58
TISI,3.81507332073,39.57
TWOU,1.86464199687,17.86
VDSI,1073.88131216,26.29
LRN,0,17.25
SYKE,0,23.17
SOHU,0,52.12
day,91,2015-02-26
value,118279.939501
CALX,0,8.43
CIR,0,52.87
SPSC,0.483987566164,68.82
GTN,5.25083843767,11.04
JOBS,0,34.06
ITG,0,22.32
WIX,0,18.91
IRBT,7.57928820275,32.20
BBOX,0,22.14
CHGG,3225.06696515,8.35
TBI,0,22.96
HTGC,1469.39148388,15.51
NSP,0,50.78
SIGM,0,7.23
IPGP,0,97.86
COUP,0,9.93
SSNI,2383.24051642,9.91
TTMI,0,8.82
RENN,6554.57594834,2.60
TISI,3.81507332073,38.81
TWOU,1.86464199687,17.80
VDSI,1073.88131216,25.50
LRN,0,17.39
SYKE,0,23.07
SOHU,0,51.83
day,92,2015-02-27
value,117737.283817
CALX,0,8.47
CIR,0,53.63
SPSC,0.483987566164,69.69
GTN,5.25083843767,11.14
JOBS,0,35.81
ITG,0,23.37
WIX,0,18.58
IRBT,7.57928820275,32.91
BBOX,0,22.01
CHGG,3225.06696515,8.03
TBI,0,23.07
HTGC,1469.39148388,15.54
NSP,0,52.63
SIGM,0,7.50
IPGP,0,97.87
COUP,0,9.90
SSNI,2383.24051642,9.95
TTMI,0,8.84
RENN,6554.57594834,2.59
TISI,3.81507332073,39.00
TWOU,1.86464199687,18.00
VDSI,1073.88131216,25.88
LRN,0,16.95
SYKE,0,23.04
SOHU,0,53.23
day,93,2015-03-02
value,117456.845745
CALX,0,8.74
CIR,0,53.46
SPSC,0.483987566164,68.66
GTN,5.25083843767,11.00
JOBS,0,35.34
ITG,0,22.58
WIX,0,18.38
IRBT,7.57928820275,32.85
BBOX,0,21.92
CHGG,3225.06696515,8.16
TBI,0,23.05
HTGC,1469.39148388,15.55
NSP,0,51.85
SIGM,0,7.36
IPGP,0,95.90
COUP,0,9.73
SSNI,2383.24051642,9.81
TTMI,0,8.76
RENN,6554.57594834,2.58
TISI,3.81507332073,38.26
TWOU,1.86464199687,18.40
VDSI,1073.88131216,25.59
LRN,0,16.85
SYKE,0,23.30
SOHU,0,52.46
day,94,2015-03-03
value,114894.217671
CALX,0,8.68
CIR,0,53.73
SPSC,0.483987566164,69.45
GTN,5.25083843767,10.99
JOBS,0,35.29
ITG,0,23.00
WIX,0,18.25
IRBT,7.57928820275,33.28
BBOX,0,22.11
CHGG,3225.06696515,8.21
TBI,0,23.86
HTGC,1469.39148388,15.07
NSP,0,52.97
SIGM,0,7.43
IPGP,0,96.00
COUP,0,9.99
SSNI,2383.24051642,9.95
TTMI,0,8.80
RENN,6554.57594834,2.56
TISI,3.81507332073,38.04
TWOU,1.86464199687,17.89
VDSI,1073.88131216,23.52
LRN,0,16.57
SYKE,0,23.56
SOHU,0,52.47
day,95,2015-03-04
value,113063.83769
CALX,0,8.53
CIR,0,53.44
SPSC,0.483987566164,69.16
GTN,5.25083843767,10.93
JOBS,0,35.61
ITG,0,22.59
WIX,0,17.70
IRBT,7.57928820275,33.60
BBOX,0,22.15
CHGG,3225.06696515,8.15
TBI,0,23.16
HTGC,1469.39148388,14.41
NSP,0,52.68
SIGM,0,7.47
IPGP,0,97.98
COUP,0,9.43
SSNI,2383.24051642,9.79
TTMI,0,8.87
RENN,6554.57594834,2.52
TISI,3.81507332073,37.13
TWOU,1.86464199687,17.57
VDSI,1073.88131216,23.50
LRN,0,17.28
SYKE,0,23.64
SOHU,0,51.90
day,96,2015-03-05
value,115470.961639
CALX,0,8.34
CIR,0,53.02
SPSC,0.483987566164,68.33
GTN,5.25083843767,11.31
JOBS,0,35.89
ITG,0,22.61
WIX,0,17.54
IRBT,7.57928820275,33.79
BBOX,0,22.12
CHGG,3225.06696515,8.74
TBI,0,22.87
HTGC,1469.39148388,14.67
NSP,0,53.47
SIGM,0,7.46
IPGP,0,97.50
COUP,0,9.56
SSNI,2383.24051642,9.95
TTMI,0,8.97
RENN,6554.57594834,2.49
TISI,3.81507332073,36.90
TWOU,1.86464199687,17.51
VDSI,1073.88131216,23.44
LRN,0,17.29
SYKE,0,23.67
SOHU,0,51.89
day,97,2015-03-06
value,113967.825715
CALX,0,8.34
CIR,0,52.88
SPSC,0.712903132021,67.58
GTN,6.63384468126,12.31
JOBS,0,36.41
ITG,0,22.92
WIX,0,18.10
IRBT,8.04220032513,34.62
BBOX,0,21.92
CHGG,3226.85664485,8.43
TBI,0,22.47
HTGC,1470.45772795,14.56
NSP,0,53.19
SIGM,0,7.37
IPGP,0,97.32
COUP,0,9.59
SSNI,2384.81255668,9.84
TTMI,0,8.89
RENN,6560.85779598,2.53
TISI,0,36.86
TWOU,2.75794871388,17.75
VDSI,1074.54862447,23.11
LRN,0,16.50
SYKE,0,23.59
SOHU,0,51.28
day,98,2015-03-09
value,113039.544935
CALX,0,8.40
CIR,0,54.07
SPSC,0.712903132021,67.44
GTN,6.63384468126,12.70
JOBS,0,35.10
ITG,0,22.62
WIX,0,17.90
IRBT,8.04220032513,34.25
BBOX,0,21.96
CHGG,3226.85664485,8.29
TBI,0,22.74
HTGC,1470.45772795,14.63
NSP,0,52.91
SIGM,0,7.35
IPGP,0,96.15
COUP,0,9.77
SSNI,2384.81255668,9.90
TTMI,0,8.90
RENN,6560.85779598,2.51
TISI,0,37.03
TWOU,2.75794871388,17.81
VDSI,1074.54862447,22.56
LRN,0,16.70
SYKE,0,23.34
SOHU,0,51.36
day,99,2015-03-10
value,111739.24782
CALX,0,8.35
CIR,0,53.49
SPSC,0.712903132021,66.21
GTN,6.63384468126,13.06
JOBS,0,34.52
ITG,0,23.89
WIX,0,18.08
IRBT,8.04220032513,33.96
BBOX,0,21.73
CHGG,3226.85664485,8.24
TBI,0,23.53
HTGC,1470.45772795,14.11
NSP,0,53.58
SIGM,0,7.20
IPGP,0,96.43
COUP,0,9.64
SSNI,2384.81255668,9.62
TTMI,0,8.70
RENN,6560.85779598,2.54
TISI,0,36.51
TWOU,2.75794871388,18.07
VDSI,1074.54862447,22.65
LRN,0,16.56
SYKE,0,23.52
SOHU,0,50.96
day,100,2015-03-11
value,109625.812082
CALX,0,8.30
CIR,0,53.52
SPSC,0.712903132021,66.53
GTN,6.63384468126,13.12
JOBS,0,33.64
ITG,0,23.24
WIX,0,17.77
IRBT,8.04220032513,33.96
BBOX,0,21.75
CHGG,3226.85664485,8.20
TBI,0,22.91
HTGC,1470.45772795,14.06
NSP,0,53.33
SIGM,0,7.02
IPGP,0,96.80
COUP,0,9.70
SSNI,2384.81255668,9.62
TTMI,0,8.76
RENN,6560.85779598,2.43
TISI,0,36.02
TWOU,2.75794871388,19.15
VDSI,1074.54862447,21.54
LRN,0,16.23
SYKE,0,23.22
SOHU,0,52.90
day,101,2015-03-12
value,111601.764024
CALX,0,8.67
CIR,0,54.79
SPSC,0.812134151619,67.25
GTN,7.13703368537,13.34
JOBS,0,35.17
ITG,0,24.23
WIX,0,17.73
IRBT,8.23660078843,33.67
BBOX,0,22.00
CHGG,3227.66174726,8.47
TBI,0,22.92
HTGC,1470.92727559,14.11
NSP,0,54.63
SIGM,0,7.25
IPGP,0,98.14
COUP,0,9.81
SSNI,2385.49881861,9.78
TTMI,0,8.95
RENN,6563.57460245,2.47
TISI,0,36.39
TWOU,0,19.25
VDSI,1074.85511656,21.90
LRN,0,16.26
SYKE,0,23.68
SOHU,0,53.45
day,102,2015-03-13
value,112420.89958
CALX,0,8.56
CIR,0,54.97
SPSC,0.812134151619,69.02
GTN,7.13703368537,14.00
JOBS,0,34.16
ITG,0,24.50
WIX,0,17.87
IRBT,8.23660078843,33.40
BBOX,0,21.76
CHGG,3227.66174726,8.68
TBI,0,24.21
HTGC,1470.92727559,13.97
NSP,0,54.78
SIGM,0,7.27
IPGP,0,99.30
COUP,0,10.01
SSNI,2385.49881861,9.95
TTMI,0,8.93
RENN,6563.57460245,2.49
TISI,0,37.04
TWOU,0,21.00
VDSI,1074.85511656,21.72
LRN,0,16.70
SYKE,0,23.94
SOHU,0,49.93
day,103,2015-03-16
value,111261.193926
CALX,0,8.70
CIR,0,54.61
SPSC,1.01894474812,68.53
GTN,0,14.18
JOBS,0,33.35
ITG,0,28.00
WIX,0,17.81
IRBT,8.66396807498,33.10
BBOX,0,21.74
CHGG,3229.30622506,8.57
TBI,0,23.97
HTGC,1471.94904133,14.00
NSP,0,54.98
SIGM,0,7.29
IPGP,0,98.44
COUP,0,10.16
SSNI,2386.93339824,9.79
TTMI,0,8.94
RENN,6569.30715963,2.48
TISI,0,37.67
TWOU,0,21.50
VDSI,1075.51230199,21.35
LRN,0,16.78
SYKE,0,23.86
SOHU,0,49.63
day,104,2015-03-17
value,111005.473876
CALX,0,8.53
CIR,0,54.81
SPSC,1.01894474812,68.00
GTN,0,14.26
JOBS,0,32.67
ITG,0,28.00
WIX,0,17.40
IRBT,8.66396807498,32.55
BBOX,0,21.56
CHGG,3229.30622506,8.47
TBI,0,23.85
HTGC,1471.94904133,13.95
NSP,0,54.37
SIGM,0,7.88
IPGP,0,99.50
COUP,0,10.10
SSNI,2386.93339824,9.76
TTMI,0,8.98
RENN,6569.30715963,2.41
TISI,0,37.32
TWOU,0,22.19
VDSI,1075.51230199,21.98
LRN,0,16.76
SYKE,0,23.89
SOHU,0,50.06
day,105,2015-03-18
value,111415.221716
CALX,0,8.56
CIR,0,54.76
SPSC,1.01894474812,68.31
GTN,0,14.28
JOBS,0,32.24
ITG,0,29.31
WIX,0,19.00
IRBT,8.66396807498,30.71
BBOX,0,21.63
CHGG,3229.30622506,8.44
TBI,0,23.96
HTGC,1471.94904133,13.45
NSP,0,54.51
SIGM,0,8.15
IPGP,0,99.11
COUP,0,10.35
SSNI,2386.93339824,9.81
TTMI,0,9.05
RENN,6569.30715963,2.40
TISI,0,37.14
TWOU,0,22.58
VDSI,1075.51230199,23.10
LRN,0,16.78
SYKE,0,23.95
SOHU,0,50.62
day,106,2015-03-19
value,113614.264705
CALX,0,8.74
CIR,0,55.62
SPSC,1.01894474812,67.90
GTN,0,14.37
JOBS,0,33.56
ITG,0,28.25
WIX,0,18.87
IRBT,8.66396807498,32.38
BBOX,0,21.50
CHGG,3229.30622506,8.49
TBI,0,24.37
HTGC,1471.94904133,13.62
NSP,0,54.83
SIGM,0,7.80
IPGP,0,99.68
COUP,0,10.70
SSNI,2386.93339824,9.77
TTMI,0,9.04
RENN,6569.30715963,2.47
TISI,0,38.14
TWOU,0,22.83
VDSI,1075.51230199,24.41
LRN,0,16.70
SYKE,0,24.15
SOHU,0,52.67
day,107,2015-03-20
value,114155.996739
CALX,0,8.80
CIR,0,55.51
SPSC,1.01894474812,69.00
GTN,0,14.43
JOBS,0,33.75
ITG,0,28.26
WIX,0,19.14
IRBT,8.66396807498,32.11
BBOX,0,21.54
CHGG,3229.30622506,8.56
TBI,0,24.73
HTGC,1471.94904133,13.72
NSP,0,54.78
SIGM,0,8.15
IPGP,0,100.42
COUP,0,10.81
SSNI,2386.93339824,9.84
TTMI,0,9.18
RENN,6569.30715963,2.40
TISI,0,38.80
TWOU,0,22.08
VDSI,1075.51230199,24.84
LRN,0,16.52
SYKE,0,24.38
SOHU,0,49.99
100000.0,112128.933533,2675
